"Archivo";"Linea";"SQL";"Parametros";"Tipo_de_argumento";"Interpolacion"
"app/server/src/admin-tools-store.ts";"8";"sql";"";"Identifier";"No"
"app/server/src/admin-tools-store.ts";"28";"'INSERT INTO pcp_groups(id,name) VALUES($1,$2) ON CONFLICT(id) DO UPDATE SET name=EXCLUDED.name'";"[row.id,row.name]";"StringLiteral";"No"
"app/server/src/admin-tools-store.ts";"32";"`INSERT INTO pcp_stations(id,number,name,device_id,description,station_group,station_type,license,version,active) VALUES($1,$2,$3,$4,$5,$6,$7,$8,$9,$10) ON CONFLICT(id) DO UPDATE SET number=EXCLUDED.number,name=EXCLUDED.name, device_id=EXCLUDED.device_id,description=EXCLUDED.description,station_group=EXCLUDED.station_group, station_type=EXCLUDED.station_type,license=EXCLUDED.license,version=EXCLUDED.version,active=EXCLUDED.active`";"[row.id,row.number,row.name,row.deviceId,row.description,row.group,row.type,row.license,row.version,row.active]";"FirstTemplateToken";"No"
"app/server/src/admin-tools-store.ts";"40";"`INSERT INTO pcps(id,number,name,group_id,address,phone,active) VALUES($1,$2,$3,$4,$5,$6,$7) ON CONFLICT(id) DO UPDATE SET number=EXCLUDED.number,name=EXCLUDED.name,group_id=EXCLUDED.group_id, address=EXCLUDED.address,phone=EXCLUDED.phone,active=EXCLUDED.active`";"[row.id,row.number,row.name,row.groupId,row.address,row.phone,row.active]";"FirstTemplateToken";"No"
"app/server/src/admin-tools-store.ts";"45";"'DELETE FROM pcp_station_links WHERE pcp_id=$1 AND station_id=$2'";"[link.pcpId,link.stationId]";"StringLiteral";"No"
"app/server/src/admin-tools-store.ts";"47";"'INSERT INTO pcp_station_links(pcp_id,station_id) VALUES($1,$2)'";"[link.pcpId,link.stationId]";"StringLiteral";"No"
"app/server/src/admin-tools-store.ts";"49";"'DELETE FROM pcp_groups WHERE id=$1'";"[row.id]";"StringLiteral";"No"
"app/server/src/admin-tools-store.ts";"52";"`INSERT INTO auth_sessions(id,user_id,user_name,role,collector_id,started_at,expires_at,revoked_at,revoked_by) VALUES($1,$2,$3,$4,$5,$6,$7,$8,$9) ON CONFLICT(id) DO UPDATE SET user_name=EXCLUDED.user_name,revoked_at=EXCLUDED.revoked_at,revoked_by=EXCLUDED.revoked_by`";"[row.id,row.userId,row.userName,row.role,row.collectorId ?? null,row.startedAt,row.expiresAt,row.revokedAt ?? null,row.revokedBy ?? null]";"FirstTemplateToken";"No"
"app/server/src/admin-tools-store.ts";"58";"`INSERT INTO authorization_requests(id,client_id,collector_id,delay_reason_id,for_collection,note,status, created_at,created_by,resolved_at,resolved_by,resolution_note) VALUES($1,$2,$3,$4,$5,$6,$7,$8,$9,$10,$11,$12) ON CONFLICT(id) DO UPDATE SET status=EXCLUDED.status,resolved_at=EXCLUDED.resolved_at,resolved_by=EXCLUDED.resolved_by, resolution_note=EXCLUDED.resolution_note`";"[row.id,row.clientId,row.collectorId,row.delayReasonId ?? null,row.forCollection,row.note,row.status,row.createdAt,row.createdBy, row.resolvedAt ?? null,row.resolvedBy ?? null,row.resolutionNote ?? null]";"FirstTemplateToken";"No"
"app/server/src/admin-tools-store.ts";"67";"'INSERT INTO admin_traces(id,actor_id,action,resource,resource_id,created_at) VALUES($1,$2,$3,$4,$5,$6)'";"[row.id,row.actorId,row.action,row.resource,row.resourceId ?? null,row.createdAt]";"StringLiteral";"No"
"app/server/src/catalog-store.ts";"11";"`SELECT id,name,sector,number,range_from AS ""from"",range_to AS ""to"",active FROM zones ORDER BY name,id`";"";"FirstTemplateToken";"No"
"app/server/src/catalog-store.ts";"12";"`SELECT id,name AS service,abbreviation AS abbr,caption,required_by_default AS obligated, fixed_amount AS ""fixedAmount"",status='active' AS active,reference_price_cents AS ""referencePriceCents"", reference_currency AS ""referenceCurrency"",tax_reference AS ""taxReference"",benefit_reference AS ""benefitReference"", reference_quantity AS ""referenceQuantity"" FROM services ORDER BY name,id`";"";"FirstTemplateToken";"No"
"app/server/src/catalog-store.ts";"24";"`SELECT id,name AS reason,status='active' AS active FROM delay_reasons ORDER BY name,id`";"";"FirstTemplateToken";"No"
"app/server/src/catalog-store.ts";"25";"`SELECT rc.id,coalesce(rc.client_id,'') AS ""clientId"",rc.route_id AS ""routeId"", rc.service_id AS ""serviceId"",rc.created_at AS ""registeredAt"",coalesce(rc.start_date,rc.next_run_date)::text AS ""startDate"", coalesce(rc.end_date::text,'') AS ""endDate"",rc.frequency,rc.day1,rc.day2,rc.currency,s.name AS service,rc.concept, rc.fixed_amount AS ""useConceptAmount"",rc.amount,rc.note,rc.status='active' AS active FROM recurring_charges rc JOIN services s ON s.id=rc.service_id ORDER BY rc.created_at,rc.id`";"";"FirstTemplateToken";"No"
"app/server/src/catalog-store.ts";"37";"`INSERT INTO zones(id,name,sector,number,range_from,range_to,active) VALUES($1,$2,$3,$4,$5,$6,$7) ON CONFLICT(id) DO UPDATE SET name=EXCLUDED.name,sector=EXCLUDED.sector,number=EXCLUDED.number,range_from=EXCLUDED.range_from,range_to=EXCLUDED.range_to,active=EXCLUDED.active`";"[zone.id,zone.name,zone.sector,zone.number ?? """",zone.from ?? """",zone.to ?? """",zone.active !== false]";"FirstTemplateToken";"No"
"app/server/src/catalog-store.ts";"43";"`INSERT INTO services(id,name,abbreviation,caption,required_by_default,fixed_amount,status, reference_price_cents,reference_currency,tax_reference,benefit_reference,reference_quantity) VALUES($1,$2,$3,$4,$5,$6,$7,$8,$9,$10,$11,$12) ON CONFLICT(id) DO UPDATE SET name=EXCLUDED.name,abbreviation=EXCLUDED.abbreviation,caption=EXCLUDED.caption, required_by_default=EXCLUDED.required_by_default,fixed_amount=EXCLUDED.fixed_amount,status=EXCLUDED.status, reference_price_cents=EXCLUDED.reference_price_cents,reference_currency=EXCLUDED.reference_currency, tax_reference=EXCLUDED.tax_reference,benefit_reference=EXCLUDED.benefit_reference,reference_quantity=EXCLUDED.reference_quantity`";"[service.id,service.service,service.abbr,service.caption,service.obligated,service.fixedAmount,service.active ? ""active"" : ""archived"", service.referencePriceCents ?? null,service.referenceCurrency ?? null,service.taxReference ?? null, service.benefitReference ?? null,service.referenceQuantity ?? null]";"FirstTemplateToken";"No"
"app/server/src/catalog-store.ts";"56";"`INSERT INTO delay_reasons(id,name,status) VALUES($1,$2,$3) ON CONFLICT(id) DO UPDATE SET name=EXCLUDED.name,status=EXCLUDED.status`";"[reason.id,reason.reason,reason.active ? ""active"" : ""archived""]";"FirstTemplateToken";"No"
"app/server/src/catalog-store.ts";"65";"`INSERT INTO recurring_charges(id,service_id,route_id,client_id,amount,required,fixed_amount,frequency, next_run_date,status,created_at,start_date,end_date,day1,day2,currency,concept,note) VALUES($1,$2,$3,$4,$5,$6,$7,$8,$9,$10,$11,$12,$13,$14,$15,$16,$17,$18) ON CONFLICT(id) DO UPDATE SET service_id=EXCLUDED.service_id,route_id=EXCLUDED.route_id,client_id=EXCLUDED.client_id, amount=EXCLUDED.amount,fixed_amount=EXCLUDED.fixed_amount,frequency=EXCLUDED.frequency,next_run_date=EXCLUDED.next_run_date, status=EXCLUDED.status,start_date=EXCLUDED.start_date,end_date=EXCLUDED.end_date,day1=EXCLUDED.day1,day2=EXCLUDED.day2, currency=EXCLUDED.currency,concept=EXCLUDED.concept,note=EXCLUDED.note`";"[row.id,serviceId,routeId,row.clientId || null,row.amount,false,row.useConceptAmount, frequencyCodes[row.frequency] ?? row.frequency,row.startDate,row.active ? ""active"" : ""paused"",row.registeredAt, row.startDate,row.endDate || null,row.day1,row.day2,row.currency,row.concept,row.note]";"FirstTemplateToken";"No"
"app/server/src/migrate.ts";"31";"""BEGIN""";"";"StringLiteral";"No"
"app/server/src/migrate.ts";"32";"""SET LOCAL lock_timeout = '10s'""";"";"StringLiteral";"No"
"app/server/src/migrate.ts";"33";"""SELECT pg_advisory_xact_lock(7341920)""";"";"StringLiteral";"No"
"app/server/src/migrate.ts";"41";"""SELECT to_regclass('public.cyp_schema_migrations') AS ledger,to_regclass('public.clients') AS clients""";"";"StringLiteral";"No"
"app/server/src/migrate.ts";"43";"""SELECT name,sha256 FROM cyp_schema_migrations ORDER BY name""";"";"StringLiteral";"No"
"app/server/src/migrate.ts";"56";"""CREATE TABLE IF NOT EXISTS cyp_schema_migrations(name text PRIMARY KEY,sha256 text NOT NULL,applied_at timestamptz NOT NULL DEFAULT now())""";"";"StringLiteral";"No"
"app/server/src/migrate.ts";"60";"body";"";"Identifier";"No"
"app/server/src/migrate.ts";"61";"""INSERT INTO cyp_schema_migrations(name,sha256) VALUES($1,$2)""";"[migration.file, migration.sha256]";"StringLiteral";"No"
"app/server/src/migrate.ts";"63";"""COMMIT""";"";"StringLiteral";"No"
"app/server/src/migrate.ts";"67";"""ROLLBACK""";"";"StringLiteral";"No"
"app/server/src/remittance-store.ts";"10";"`SELECT r.id,r.currency,r.rate::text,r.effective_date::text AS date, r.last_change_id AS ""changeId"",h.created_at AS ""updatedAt"",h.actor_id AS ""updatedBy"" FROM exchange_rates r LEFT JOIN remittance_rate_history h ON h.id=r.last_change_id WHERE r.currency IN ('DOP','USD','EUR') ORDER BY r.effective_date,r.currency`";"";"FirstTemplateToken";"No"
"app/server/src/remittance-store.ts";"14";"`SELECT id,currency,rate::text,effective_date::text AS date, created_at AS ""createdAt"",actor_id AS ""actorId"" FROM remittance_rate_history ORDER BY effective_date,created_at,id`";"";"FirstTemplateToken";"No"
"app/server/src/remittance-store.ts";"17";"`SELECT id,operator_id AS ""operatorId"",currency,date::text, opening_amount AS ""openingAmount"",opened_by AS ""openedBy"",opened_at AS ""openedAt"" FROM remittance_cash_sessions ORDER BY date,opened_at,id`";"";"FirstTemplateToken";"No"
"app/server/src/remittance-store.ts";"20";"`SELECT t.id,t.sequence,t.envio_reference AS ""envioReference"",t.recibo_reference AS ""reciboReference"", t.operating_code AS ""operatingCode"",t.sender_client_id AS ""senderClientId"",t.recipient_client_id AS ""recipientClientId"", t.sending_user_id AS ""sendingUserId"",t.registered_by AS ""registeredBy"",t.source_currency AS ""sourceCurrency"", t.destination_currency AS ""destinationCurrency"",t.amount,t.commission_bps AS ""commissionBps"",t.commission_amount AS ""commissionAmount"", t.total_amount AS ""totalAmount"",t.receive_amount AS ""receiveAmount"",t.quote_date::text AS ""quoteDate"", t.source_rate::text AS ""sourceRate"",t.destination_rate::text AS ""destinationRate"",t.note,t.created_at AS ""createdAt"", t.quote_recorded_at AS ""quotedAt"",t.source_rate_change_id AS ""sourceRateChangeId"",t.destination_rate_change_id AS ""destinationRateChangeId"", sh.created_at AS ""sourceRateChangedAt"",dh.created_at AS ""destinationRateChangedAt"", t.sender_contact AS ""senderContact"",t.recipient_contact AS ""recipientContact"",t.manager_commission AS ""managerCommission"" FROM remittance_transfers t LEFT JOIN remittance_rate_history sh ON sh.id=t.source_rate_change_id LEFT JOIN remittance_rate_history dh ON dh.id=t.destination_rate_change_id ORDER BY t.sequence`";"";"FirstTemplateToken";"No"
"app/server/src/remittance-store.ts";"35";"`SELECT id,type,transfer_id AS ""transferId"",cash_session_id AS ""cashSessionId"", operator_id AS ""operatorId"",currency,amount,actor_id AS ""actorId"",created_at AS ""createdAt"",reason FROM remittance_events ORDER BY created_at,id`";"";"FirstTemplateToken";"No"
"app/server/src/remittance-store.ts";"61";"`INSERT INTO remittance_rate_history(id,currency,effective_date,rate,created_at,actor_id) VALUES($1,$2,$3,$4,$5,$6)`";"[change.id,change.currency,change.date,change.rate,change.createdAt,change.actorId]";"FirstTemplateToken";"No"
"app/server/src/remittance-store.ts";"67";"`INSERT INTO exchange_rates(id,currency,rate,effective_date,last_change_id) VALUES($1,$2,$3,$4,$5) ON CONFLICT(currency,effective_date) DO UPDATE SET rate=EXCLUDED.rate,last_change_id=EXCLUDED.last_change_id`";"[rate.id, rate.currency, rate.rate, rate.date,rate.changeId ?? null]";"FirstTemplateToken";"No"
"app/server/src/remittance-store.ts";"72";"`INSERT INTO remittance_cash_sessions(id,operator_id,currency,date,opening_amount,opened_by,opened_at) VALUES($1,$2,$3,$4,$5,$6,$7)`";"[cash.id,cash.operatorId,cash.currency,cash.date,cash.openingAmount,cash.openedBy,cash.openedAt]";"FirstTemplateToken";"No"
"app/server/src/remittance-store.ts";"77";"`INSERT INTO remittance_transfers(id,sequence,envio_reference,recibo_reference,operating_code, sender_client_id,recipient_client_id,sending_user_id,registered_by,source_currency,destination_currency, amount,commission_bps,commission_amount,total_amount,receive_amount,quote_date,source_rate,destination_rate,note,created_at, quote_recorded_at,source_rate_change_id,destination_rate_change_id,sender_contact,recipient_contact,manager_commission) VALUES($1,$2,$3,$4,$5,$6,$7,$8,$9,$10,$11,$12,$13,$14,$15,$16,$17,$18,$19,$20,$21,$22,$23,$24,$25,$26,$27)`";"[t.id,t.sequence,t.envioReference,t.reciboReference,t.operatingCode,t.senderClientId,t.recipientClientId, t.sendingUserId,t.registeredBy,t.sourceCurrency,t.destinationCurrency,t.amount,t.commissionBps, t.commissionAmount,t.totalAmount,t.receiveAmount,t.quote.date,t.quote.sourceRate,t.quote.destinationRate,t.note,t.createdAt, t.quote.quotedAt ?? null,t.quote.sourceRateChangeId ?? null,t.quote.destinationRateChangeId ?? null, t.senderContact ? JSON.stringify(t.senderContact) : null,t.recipientContact ? JSON.stringify(t.recipientContact) : null, t.managerCommission ? JSON.stringify(t.managerCommission) : null]";"FirstTemplateToken";"No"
"app/server/src/remittance-store.ts";"91";"`INSERT INTO remittance_events(id,type,transfer_id,cash_session_id,operator_id,currency,amount,actor_id,created_at,reason) VALUES($1,$2,$3,$4,$5,$6,$7,$8,$9,$10)`";"[event.id,event.type,event.transferId ?? null,event.cashSessionId,event.operatorId,event.currency,event.amount,event.actorId,event.createdAt,event.reason ?? null]";"FirstTemplateToken";"No"
"app/server/src/store.ts";"81";"""SELECT 1 FROM users WHERE id=$1""";"[id]";"StringLiteral";"No"
"app/server/src/store.ts";"84";"`INSERT INTO users(id,name,role,collector_id) VALUES($1,$2,$3,$4) ON CONFLICT(id) DO NOTHING`";"[id, id, role, role === ""collector"" ? ""col-1"" : null]";"FirstTemplateToken";"No"
"app/server/src/store.ts";"92";"`SELECT id,name,nickname,note,email,role,collector_id AS ""collectorId"",salt,password_hash AS ""passwordHash"", credential_version AS ""credentialVersion"",status,created_at AS ""createdAt"",updated_at AS ""updatedAt"" FROM users WHERE email IS NOT NULL ORDER BY created_at,id`";"";"FirstTemplateToken";"No"
"app/server/src/store.ts";"99";"`SELECT id,name,initials,route_id AS ""routeId"",status,collection_limit AS ""collectionLimit"", payout_limit AS ""payoutLimit"",lat,lng,last_seen AS ""lastSeen"",active,ident,cellular,account_code AS ""accountId"" FROM collectors ORDER BY id`";"";"FirstTemplateToken";"No"
"app/server/src/store.ts";"105";"`SELECT r.id,r.name,z.sector,r.zone_id AS ""zoneId"",r.collector_id AS ""collectorId"",r.number,r.range_from AS ""from"",r.range_to AS ""to"",r.active FROM routes r JOIN zones z ON z.id=r.zone_id ORDER BY r.id`";"";"FirstTemplateToken";"No"
"app/server/src/store.ts";"111";"`SELECT c.id,c.name,c.code,c.phone,cp.address,c.route_id AS ""routeId"",c.collection_point_id AS ""collectionPointId"", c.alias,c.sector,c.cellular,c.email,c.note,c.identification,c.lat,c.lng,c.active,c.preferred_currency AS ""preferredCurrency"" FROM clients c JOIN collection_points cp ON cp.id=c.collection_point_id ORDER BY c.id`";"";"FirstTemplateToken";"No"
"app/server/src/store.ts";"118";"`SELECT id,client_id AS ""clientId"",number,entry,exit, currency_value AS value,percentage,registered_at AS ""registeredAt"",updated_at AS ""updatedAt"" FROM client_machines ORDER BY client_id,number`";"";"FirstTemplateToken";"No"
"app/server/src/store.ts";"125";"`SELECT id,client_id AS ""clientId"",machine_id AS ""machineId"", registered_at AS ""registeredAt"",previous_entry AS ""previousEntry"",entry, entry_difference AS ""entryDifference"",previous_exit AS ""previousExit"",exit, exit_difference AS ""exitDifference"",difference,currency,amount,percentage,charge, modified_at AS ""modifiedAt"",cancelled_at AS ""cancelledAt"" FROM client_machine_logs ORDER BY registered_at DESC,id`";"";"FirstTemplateToken";"No"
"app/server/src/store.ts";"135";"`SELECT ch.id,ch.client_id AS ""clientId"",ch.service_id AS ""serviceId"",s.name AS service,ch.concept,ch.currency,ch.note,ch.amount,ch.collected,ch.cancel_reason AS ""cancelReason"", ch.due_date::text AS ""dueDate"",ch.required,ch.status FROM charges ch JOIN services s ON s.id=ch.service_id ORDER BY ch.id`";"";"FirstTemplateToken";"No"
"app/server/src/store.ts";"142";"`SELECT id,client_id AS ""clientId"",collector_id AS ""collectorId"",concept,amount,paid,status,currency,due_date::text AS ""dueDate"" FROM payouts ORDER BY id`";"";"FirstTemplateToken";"No"
"app/server/src/store.ts";"148";"`SELECT id,collector_id AS ""collectorId"",client_id AS ""clientId"",charge_id AS ""chargeId"", NULL::text AS ""payoutId"",'collection' AS type,amount,currency,NULL::text AS note,collected_at AS ""createdAt"", receipt_token AS ""receiptToken"",receipt_revoked AS ""receiptRevoked"",actor_id AS ""actorId"", registered_centrally AS ""registeredCentrally"", NULL::timestamptz AS ""acceptedAt"",NULL::text AS ""acceptedBy"", NULL::timestamptz AS ""cancelledAt"",NULL::text AS ""cancelledBy"", NULL::jsonb AS ""denominations"",NULL::jsonb AS ""depositComponents"" FROM collections UNION ALL SELECT id,collector_id AS ""collectorId"",client_id AS ""clientId"",NULL::text AS ""chargeId"", payout_id AS ""payoutId"",'payout' AS type,amount,currency,NULL::text AS note,paid_at AS ""createdAt"", receipt_token AS ""receiptToken"",receipt_revoked AS ""receiptRevoked"",actor_id AS ""actorId"", registered_centrally AS ""registeredCentrally"", NULL::timestamptz AS ""acceptedAt"",NULL::text AS ""acceptedBy"", NULL::timestamptz AS ""cancelledAt"",NULL::text AS ""cancelledBy"", NULL::jsonb AS ""denominations"",NULL::jsonb AS ""depositComponents"" FROM payments UNION ALL SELECT id,collector_id AS ""collectorId"",NULL::text AS ""clientId"",NULL::text AS ""chargeId"", NULL::text AS ""payoutId"",type,amount,currency,note,handed_over_at AS ""createdAt"", NULL::text AS ""receiptToken"",NULL::boolean AS ""receiptRevoked"",actor_id AS ""actorId"", NULL::boolean AS ""registeredCentrally"", accepted_at AS ""acceptedAt"",accepted_by AS ""acceptedBy"", cancelled_at AS ""cancelledAt"",cancelled_by AS ""cancelledBy"", denominations AS ""denominations"",deposit_components AS ""depositComponents"" FROM cash_handovers ORDER BY ""createdAt"", id`";"";"FirstTemplateToken";"No"
"app/server/src/store.ts";"179";"`SELECT id,collector_id AS ""collectorId"",date::text,collected,deposited, office_delivered AS ""officeDelivered"",paid_to_clients AS ""paidToClients"", difference,status,closed_at AS ""closedAt"",actor_id AS ""actorId"",totals_by_currency AS ""totalsByCurrency"" FROM daily_settlements ORDER BY date,id`";"";"FirstTemplateToken";"No"
"app/server/src/store.ts";"187";"`SELECT id,client_id AS ""clientId"",concept,amount,currency,frequency, next_run_date::text AS ""nextRunDate"",status,created_at AS ""createdAt"" FROM recurring_payouts ORDER BY created_at, id`";"";"FirstTemplateToken";"No"
"app/server/src/store.ts";"194";"`SELECT data FROM system_config WHERE id = 'default'`";"";"FirstTemplateToken";"No"
"app/server/src/store.ts";"200";"`SELECT id,movement_id AS ""movementId"",action,actor_id AS ""actorId"", denominations,created_at AS ""createdAt"" FROM deposit_lifecycle ORDER BY created_at, id`";"";"FirstTemplateToken";"No"
"app/server/src/store.ts";"219";"`SELECT id,movement_id AS ""movementId"",movement_type AS ""movementType"",reason, actor_id AS ""actorId"",created_at AS ""createdAt"" FROM movement_cancellations ORDER BY created_at,id`";"";"FirstTemplateToken";"No"
"app/server/src/store.ts";"232";"`SELECT id,fingerprint,response,created_at AS ""createdAt"" FROM idempotency ORDER BY created_at,id`";"";"FirstTemplateToken";"No"
"app/server/src/store.ts";"256";"`INSERT INTO users(id,name,email,role,collector_id,salt,password_hash,credential_version,status,created_at,updated_at,nickname,note) VALUES($1,$2,$3,$4,$5,$6,$7,$8,$9,$10,$11,$12,$13) ON CONFLICT(id) DO UPDATE SET name=EXCLUDED.name,email=EXCLUDED.email,role=EXCLUDED.role, collector_id=EXCLUDED.collector_id,salt=EXCLUDED.salt,password_hash=EXCLUDED.password_hash, credential_version=EXCLUDED.credential_version,status=EXCLUDED.status,updated_at=EXCLUDED.updated_at, nickname=EXCLUDED.nickname,note=EXCLUDED.note`";"[ account.id, account.name, account.email, account.role, account.collectorId ?? null, account.salt, account.passwordHash, account.credentialVersion, account.status, account.createdAt, updatedAt, account.nickname ?? """", account.note ?? """", ]";"FirstTemplateToken";"No"
"app/server/src/store.ts";"285";"""SELECT id FROM zones WHERE name=$1 OR sector=$1 ORDER BY (name=$1) DESC,id LIMIT 1""";"[route.sector]";"StringLiteral";"No"
"app/server/src/store.ts";"288";"`INSERT INTO zones(id,name,sector) VALUES($1,$2,$2) RETURNING id`";"[randomUUID(),route.sector]";"FirstTemplateToken";"No"
"app/server/src/store.ts";"294";"`INSERT INTO collectors(id,name,initials,route_id,status,collection_limit,payout_limit,lat,lng,last_seen,active,ident,cellular,account_code) VALUES($1,$2,$3,$4,$5,$6,$7,$8,$9,$10,$11,$12,$13,$14) ON CONFLICT(id) DO UPDATE SET name=EXCLUDED.name,initials=EXCLUDED.initials,route_id=EXCLUDED.route_id, status=EXCLUDED.status,collection_limit=EXCLUDED.collection_limit,payout_limit=EXCLUDED.payout_limit, lat=EXCLUDED.lat,lng=EXCLUDED.lng,last_seen=EXCLUDED.last_seen,active=EXCLUDED.active, ident=EXCLUDED.ident,cellular=EXCLUDED.cellular,account_code=EXCLUDED.account_code`";"[ collector.id, collector.name, collector.initials, collector.routeId, collector.status, collector.collectionLimit, collector.payoutLimit, collector.lat ?? null, collector.lng ?? null, collector.lastSeen, collector.active !== false, collector.ident ?? """", collector.cellular ?? """", collector.accountId ?? """", ]";"FirstTemplateToken";"No"
"app/server/src/store.ts";"321";"`INSERT INTO routes(id,name,zone_id,collector_id,number,range_from,range_to,active) VALUES($1,$2,$3,$4,$5,$6,$7,$8) ON CONFLICT(id) DO UPDATE SET name=EXCLUDED.name,zone_id=EXCLUDED.zone_id,collector_id=EXCLUDED.collector_id, number=EXCLUDED.number,range_from=EXCLUDED.range_from,range_to=EXCLUDED.range_to,active=EXCLUDED.active`";"[route.id, route.name, routeZones.get(route.id), route.collectorId,route.number ?? """",route.from ?? """",route.to ?? """",route.active !== false]";"FirstTemplateToken";"No"
"app/server/src/store.ts";"331";"`INSERT INTO collection_points(id,route_id,address) VALUES($1,$2,$3) ON CONFLICT(id) DO UPDATE SET route_id=EXCLUDED.route_id,address=EXCLUDED.address`";"[pointId, clientRow.routeId, clientRow.address]";"FirstTemplateToken";"No"
"app/server/src/store.ts";"336";"`INSERT INTO clients(id,name,code,phone,route_id,collection_point_id,alias,sector,cellular,email,note,identification,lat,lng,active,preferred_currency) VALUES($1,$2,$3,$4,$5,$6,$7,$8,$9,$10,$11,$12,$13,$14,$15,$16) ON CONFLICT(id) DO UPDATE SET name=EXCLUDED.name,code=EXCLUDED.code,phone=EXCLUDED.phone, route_id=EXCLUDED.route_id,collection_point_id=EXCLUDED.collection_point_id, alias=EXCLUDED.alias,sector=EXCLUDED.sector,cellular=EXCLUDED.cellular, email=EXCLUDED.email,note=EXCLUDED.note,identification=EXCLUDED.identification, lat=EXCLUDED.lat,lng=EXCLUDED.lng,active=EXCLUDED.active,preferred_currency=EXCLUDED.preferred_currency`";"[ clientRow.id, clientRow.name, clientRow.code, clientRow.phone, clientRow.routeId, pointId, clientRow.alias ?? """", clientRow.sector ?? """", clientRow.cellular ?? """", clientRow.email ?? """", clientRow.note ?? """", clientRow.identification ?? """", clientRow.lat ?? null, clientRow.lng ?? null, clientRow.active !== false, clientRow.preferredCurrency ?? ""DOP"", ]";"FirstTemplateToken";"No"
"app/server/src/store.ts";"367";"`INSERT INTO client_machines(id,client_id,number,entry,exit,currency_value,percentage,registered_at,updated_at) VALUES($1,$2,$3,$4,$5,$6,$7,$8,$9) ON CONFLICT(id) DO UPDATE SET number=EXCLUDED.number,entry=EXCLUDED.entry,exit=EXCLUDED.exit, currency_value=EXCLUDED.currency_value,percentage=EXCLUDED.percentage,updated_at=EXCLUDED.updated_at`";"[machine.id,machine.clientId,machine.number,machine.entry,machine.exit,machine.value,machine.percentage,machine.registeredAt,machine.updatedAt]";"FirstTemplateToken";"No"
"app/server/src/store.ts";"378";"`INSERT INTO client_machine_logs(id,client_id,machine_id,registered_at,previous_entry,entry,entry_difference, previous_exit,exit,exit_difference,difference,currency,amount,percentage,charge,modified_at,cancelled_at) VALUES($1,$2,$3,$4,$5,$6,$7,$8,$9,$10,$11,$12,$13,$14,$15,$16,$17) ON CONFLICT(id) DO NOTHING`";"[log.id,log.clientId,log.machineId,log.registeredAt,log.previousEntry,log.entry,log.entryDifference, log.previousExit,log.exit,log.exitDifference,log.difference,log.currency,log.amount,log.percentage, log.charge,log.modifiedAt ?? null,log.cancelledAt ?? null]";"FirstTemplateToken";"No"
"app/server/src/store.ts";"390";"""SELECT id FROM services WHERE id=$1 AND name=$2""";"[preferredId,name]";"StringLiteral";"No"
"app/server/src/store.ts";"393";"""SELECT id FROM services WHERE name=$1""";"[name]";"StringLiteral";"No"
"app/server/src/store.ts";"395";"`INSERT INTO services(id,name) VALUES($1,$2) RETURNING id`";"[randomUUID(), name]";"FirstTemplateToken";"No"
"app/server/src/store.ts";"404";"`INSERT INTO charges(id,client_id,service_id,concept,currency,note,amount,collected,due_date,required,status,cancel_reason) VALUES($1,$2,$3,$4,$5,$6,$7,$8,$9,$10,$11,$12) ON CONFLICT(id) DO UPDATE SET client_id=EXCLUDED.client_id,service_id=EXCLUDED.service_id, concept=EXCLUDED.concept,currency=EXCLUDED.currency,note=EXCLUDED.note, amount=EXCLUDED.amount,collected=EXCLUDED.collected,due_date=EXCLUDED.due_date, required=EXCLUDED.required,status=EXCLUDED.status,cancel_reason=EXCLUDED.cancel_reason`";"[ charge.id, charge.clientId, sid, charge.concept ?? """", charge.currency ?? ""Peso Dominicano"", charge.note ?? """", charge.amount, charge.collected, charge.dueDate, charge.required, charge.status, charge.cancelReason ?? """", ]";"FirstTemplateToken";"No"
"app/server/src/store.ts";"429";"`INSERT INTO payouts(id,client_id,collector_id,concept,amount,paid,status,currency,due_date) VALUES($1,$2,$3,$4,$5,$6,$7,$8,$9) ON CONFLICT(id) DO UPDATE SET client_id=EXCLUDED.client_id,collector_id=EXCLUDED.collector_id, concept=EXCLUDED.concept,amount=EXCLUDED.amount,paid=EXCLUDED.paid,status=EXCLUDED.status,currency=EXCLUDED.currency,due_date=EXCLUDED.due_date`";"[ payout.id, payout.clientId, payout.collectorId, payout.concept, payout.amount, payout.paid, payout.status, payout.currency ?? ""DOP"", payout.dueDate ?? null, ]";"FirstTemplateToken";"No"
"app/server/src/store.ts";"454";"`UPDATE ${table} SET receipt_revoked=$2 WHERE id=$1`";"[movement.id, movement.receiptRevoked ?? false]";"TemplateExpression";"Sí; revisar procedencia"
"app/server/src/store.ts";"459";"`INSERT INTO collections(id,collector_id,client_id,charge_id,amount,collected_at,receipt_token,receipt_revoked,actor_id,registered_centrally,currency) VALUES($1,$2,$3,$4,$5,$6,$7,$8,$9,$10,$11) ON CONFLICT(id) DO UPDATE SET receipt_revoked=EXCLUDED.receipt_revoked`";"[ movement.id, movement.collectorId, movement.clientId, movement.chargeId, movement.amount, movement.createdAt, movement.receiptToken, movement.receiptRevoked ?? false, movement.actorId, movement.registeredCentrally ?? null, movement.currency ?? ""DOP"", ]";"FirstTemplateToken";"No"
"app/server/src/store.ts";"478";"`INSERT INTO payments(id,collector_id,client_id,payout_id,amount,paid_at,receipt_token,receipt_revoked,actor_id,registered_centrally,currency) VALUES($1,$2,$3,$4,$5,$6,$7,$8,$9,$10,$11) ON CONFLICT(id) DO UPDATE SET receipt_revoked=EXCLUDED.receipt_revoked`";"[ movement.id, movement.collectorId, movement.clientId, movement.payoutId, movement.amount, movement.createdAt, movement.receiptToken, movement.receiptRevoked ?? false, movement.actorId, movement.registeredCentrally ?? null, movement.currency ?? ""DOP"", ]";"FirstTemplateToken";"No"
"app/server/src/store.ts";"497";"`INSERT INTO cash_handovers(id,collector_id,type,amount,handed_over_at,actor_id,currency,note,denominations,deposit_components) VALUES($1,$2,$3,$4,$5,$6,$7,$8,$9,$10) ON CONFLICT(id) DO NOTHING`";"[ movement.id, movement.collectorId, movement.type, movement.amount, movement.createdAt, movement.actorId, movement.currency ?? ""DOP"", movement.note ?? null, movement.denominations ? JSON.stringify(movement.denominations) : null, movement.depositComponents ? JSON.stringify(movement.depositComponents) : null, ]";"FirstTemplateToken";"No"
"app/server/src/store.ts";"516";"`INSERT INTO daily_settlements(id,collector_id,date,collected,deposited,office_delivered,paid_to_clients,status,closed_at,actor_id,totals_by_currency) VALUES($1,$2,$3,$4,$5,$6,$7,$8,$9,$10,$11) ON CONFLICT(id) DO NOTHING`";"[ settlement.id, settlement.collectorId, settlement.date, settlement.collected, settlement.deposited, settlement.officeDelivered, settlement.paidToClients, settlement.status, settlement.closedAt, settlement.actorId, settlement.totalsByCurrency ? JSON.stringify(settlement.totalsByCurrency) : null, ]";"FirstTemplateToken";"No"
"app/server/src/store.ts";"538";"`INSERT INTO recurring_payouts(id,client_id,concept,amount,frequency,next_run_date,status,created_at,currency) VALUES($1,$2,$3,$4,$5,$6,$7,$8,$9) ON CONFLICT(id) DO UPDATE SET concept=EXCLUDED.concept,amount=EXCLUDED.amount, frequency=EXCLUDED.frequency,next_run_date=EXCLUDED.next_run_date,status=EXCLUDED.status,currency=EXCLUDED.currency`";"[ template.id, template.clientId, template.concept, template.amount, template.frequency, template.nextRunDate, template.status, template.createdAt, template.currency ?? ""DOP"", ]";"FirstTemplateToken";"No"
"app/server/src/store.ts";"559";"`INSERT INTO system_config(id, data, updated_at) VALUES('default', $1, now()) ON CONFLICT(id) DO UPDATE SET data = EXCLUDED.data, updated_at = now()`";"[JSON.stringify(state.systemConfig)]";"FirstTemplateToken";"No"
"app/server/src/store.ts";"568";"`INSERT INTO deposit_lifecycle(id,movement_id,action,actor_id,denominations,created_at) VALUES($1,$2,$3,$4,$5,$6) ON CONFLICT(id) DO NOTHING`";"[ ev.id, ev.movementId, ev.action, ev.actorId, ev.denominations ? JSON.stringify(ev.denominations) : null, ev.createdAt, ]";"FirstTemplateToken";"No"
"app/server/src/store.ts";"584";"`INSERT INTO movement_cancellations(id,movement_id,movement_type,reason,actor_id,created_at) VALUES($1,$2,$3,$4,$5,$6)`";"[event.id, event.movementId, event.movementType, event.reason, event.actorId, event.createdAt]";"FirstTemplateToken";"No"
"app/server/src/store.ts";"593";"`INSERT INTO idempotency(id,fingerprint,response,created_at) VALUES($1,$2,$3,$4) ON CONFLICT(id) DO UPDATE SET fingerprint=EXCLUDED.fingerprint,response=EXCLUDED.response,created_at=EXCLUDED.created_at`";"[row.id, row.fingerprint, JSON.stringify(row.response), row.createdAt]";"FirstTemplateToken";"No"
"app/server/src/store.ts";"609";"""BEGIN ISOLATION LEVEL REPEATABLE READ READ ONLY""";"";"StringLiteral";"No"
"app/server/src/store.ts";"611";"""COMMIT""";"";"StringLiteral";"No"
"app/server/src/store.ts";"614";"""ROLLBACK""";"";"StringLiteral";"No"
"app/server/src/store.ts";"623";"""BEGIN""";"";"StringLiteral";"No"
"app/server/src/store.ts";"624";"""SELECT pg_advisory_xact_lock(7341920)""";"";"StringLiteral";"No"
"app/server/src/store.ts";"625";"""SET CONSTRAINTS ALL DEFERRED""";"";"StringLiteral";"No"
"app/server/src/store.ts";"630";"""COMMIT""";"";"StringLiteral";"No"
"app/server/src/store.ts";"633";"""ROLLBACK""";"";"StringLiteral";"No"
