"Archivo";"Linea";"Esquema";"Campo";"Validacion_actual"
"app/server/src/admin-tools-routes.ts";"16";"stationBody";"...spread";"name"
"app/server/src/admin-tools-routes.ts";"16";"stationBody";"number";"number: id"
"app/server/src/admin-tools-routes.ts";"16";"stationBody";"deviceId";"deviceId: short"
"app/server/src/admin-tools-routes.ts";"16";"stationBody";"description";"description: z.string().trim().max(1000).default("""")"
"app/server/src/admin-tools-routes.ts";"17";"stationBody";"group";"group: short"
"app/server/src/admin-tools-routes.ts";"17";"stationBody";"type";"type: short"
"app/server/src/admin-tools-routes.ts";"17";"stationBody";"license";"license: short"
"app/server/src/admin-tools-routes.ts";"17";"stationBody";"version";"version: short"
"app/server/src/admin-tools-routes.ts";"17";"stationBody";"active";"active: z.boolean().default(true)"
"app/server/src/admin-tools-routes.ts";"18";"pcpBody";"...spread";"name"
"app/server/src/admin-tools-routes.ts";"18";"pcpBody";"number";"number: id"
"app/server/src/admin-tools-routes.ts";"18";"pcpBody";"groupId";"groupId: id"
"app/server/src/admin-tools-routes.ts";"18";"pcpBody";"address";"address: z.string().trim().max(500).default("""")"
"app/server/src/admin-tools-routes.ts";"18";"pcpBody";"phone";"phone: z.string().trim().max(40).default("""")"
"app/server/src/admin-tools-routes.ts";"18";"pcpBody";"active";"active: z.boolean().default(true)"
"app/server/src/admin-tools-routes.ts";"19";"groupBody";"...spread";"name"
"app/server/src/admin-tools-routes.ts";"20";"requestBody";"clientId";"clientId: id"
"app/server/src/admin-tools-routes.ts";"20";"requestBody";"collectorId";"collectorId: id"
"app/server/src/admin-tools-routes.ts";"20";"requestBody";"delayReasonId";"delayReasonId: id.optional()"
"app/server/src/admin-tools-routes.ts";"20";"requestBody";"forCollection";"forCollection: z.boolean()"
"app/server/src/admin-tools-routes.ts";"20";"requestBody";"note";"note: z.string().trim().min(1).max(2000)"
"app/server/src/admin-tools-routes.ts";"21";"resolutionBody";"status";"status: z.enum([""approved"", ""rejected"", ""cancelled""])"
"app/server/src/admin-tools-routes.ts";"21";"resolutionBody";"note";"note: z.string().trim().min(1).max(2000)"
"app/server/src/admin-tools-routes.ts";"22";"filters";"from";"from: z.iso.date().optional()"
"app/server/src/admin-tools-routes.ts";"22";"filters";"to";"to: z.iso.date().optional()"
"app/server/src/admin-tools-routes.ts";"22";"filters";"q";"q: z.string().trim().max(160).default("""")"
"app/server/src/admin-tools-routes.ts";"23";"filters";"status";"status: z.string().max(20).optional()"
"app/server/src/admin-tools-routes.ts";"23";"filters";"limit";"limit: z.coerce.number().int().min(1).max(100).default(50)"
"app/server/src/admin-tools-routes.ts";"23";"filters";"offset";"offset: z.coerce.number().int().min(0).max(1_000_000).default(0)"
"app/server/src/admin-tools-routes.ts";"71";"registerAdminToolsRoutes";"stationIds";"stationIds: z.array(id).max(500)"
"app/server/src/app.ts";"78";"chargeBody";"clientId";"clientId: id"
"app/server/src/app.ts";"79";"chargeBody";"service";"service: text"
"app/server/src/app.ts";"80";"chargeBody";"concept";"concept: z.string().trim().max(160).default("""")"
"app/server/src/app.ts";"81";"chargeBody";"currency";"currency: currency.default(""DOP"")"
"app/server/src/app.ts";"82";"chargeBody";"note";"note: z.string().trim().max(2000).default("""")"
"app/server/src/app.ts";"83";"chargeBody";"amount";"amount: money"
"app/server/src/app.ts";"84";"chargeBody";"dueDate";"dueDate: date"
"app/server/src/app.ts";"85";"chargeBody";"required";"required: z.boolean().default(false)"
"app/server/src/app.ts";"89";"batchBody";"service";"service: text"
"app/server/src/app.ts";"90";"batchBody";"currency";"currency: currency.default(""DOP"")"
"app/server/src/app.ts";"91";"batchBody";"amount";"amount: money"
"app/server/src/app.ts";"92";"batchBody";"dueDate";"dueDate: date"
"app/server/src/app.ts";"93";"batchBody";"required";"required: z.boolean().default(false)"
"app/server/src/app.ts";"94";"batchBody";"clientIds";"clientIds: z.array(id).min(1).max(100)"
"app/server/src/app.ts";"97";"payoutBody";"clientId";"clientId: id"
"app/server/src/app.ts";"97";"payoutBody";"collectorId";"collectorId: id"
"app/server/src/app.ts";"97";"payoutBody";"concept";"concept: text"
"app/server/src/app.ts";"97";"payoutBody";"amount";"amount: money"
"app/server/src/app.ts";"97";"payoutBody";"currency";"currency: currency.default(""DOP"")"
"app/server/src/app.ts";"97";"payoutBody";"dueDate";"dueDate: date.optional()"
"app/server/src/app.ts";"100";"transferBody";"collectorId";"collectorId: id"
"app/server/src/app.ts";"100";"transferBody";"amount";"amount: money"
"app/server/src/app.ts";"100";"transferBody";"currency";"currency: currency.default(""DOP"")"
"app/server/src/app.ts";"101";"transferBody";"note";"note: z.string().trim().max(2000).optional()"
"app/server/src/app.ts";"102";"transferBody";"denominations";"denominations: z.array(z.object({ denominacion: z.number().int().positive(), cantidad: z.number().int().min(0) }).strict()).max(100).optional()"
"app/server/src/app.ts";"102";"transferBody";"denominacion";"denominacion: z.number().int().positive()"
"app/server/src/app.ts";"102";"transferBody";"cantidad";"cantidad: z.number().int().min(0)"
"app/server/src/app.ts";"110";"depositComponent";"method";"method: z.literal(""cash"")"
"app/server/src/app.ts";"110";"depositComponent";"amount";"amount: money"
"app/server/src/app.ts";"111";"depositComponent";"method";"method: z.literal(""cheque"")"
"app/server/src/app.ts";"111";"depositComponent";"...spread";"...nonCashComponent"
"app/server/src/app.ts";"112";"depositComponent";"method";"method: z.literal(""bank_deposit"")"
"app/server/src/app.ts";"112";"depositComponent";"...spread";"...nonCashComponent"
"app/server/src/app.ts";"116";"clientBody";"name";"name: text"
"app/server/src/app.ts";"117";"clientBody";"code";"code: z.string().trim().min(1).max(80)"
"app/server/src/app.ts";"118";"clientBody";"phone";"phone: z.string().trim().max(40).default("""")"
"app/server/src/app.ts";"119";"clientBody";"address";"address: z.string().trim().max(240).default("""")"
"app/server/src/app.ts";"120";"clientBody";"routeId";"routeId: id"
"app/server/src/app.ts";"121";"clientBody";"preferredCurrency";"preferredCurrency: z.enum(ledgerCurrencies).optional()"
"app/server/src/app.ts";"122";"clientBody";"alias";"alias: z.string().trim().max(160).default("""")"
"app/server/src/app.ts";"123";"clientBody";"sector";"sector: z.string().trim().max(160).default("""")"
"app/server/src/app.ts";"124";"clientBody";"cellular";"cellular: z.string().trim().max(40).default("""")"
"app/server/src/app.ts";"125";"clientBody";"email";"email: z.string().trim().max(200).default("""")"
"app/server/src/app.ts";"126";"clientBody";"note";"note: z.string().trim().max(2000).default("""")"
"app/server/src/app.ts";"127";"clientBody";"identification";"identification: z.string().trim().max(80).default("""")"
"app/server/src/app.ts";"128";"clientBody";"lat";"lat: z.number().min(-90).max(90).optional()"
"app/server/src/app.ts";"129";"clientBody";"lng";"lng: z.number().min(-180).max(180).optional()"
"app/server/src/app.ts";"138";"clientMachineBody";"number";"number: z.number().int().positive()"
"app/server/src/app.ts";"139";"clientMachineBody";"entry";"entry: z.string().trim().max(100).default("""")"
"app/server/src/app.ts";"140";"clientMachineBody";"exit";"exit: z.string().trim().max(100).default("""")"
"app/server/src/app.ts";"141";"clientMachineBody";"value";"value: z.number().min(0).max(1_000_000_000)"
"app/server/src/app.ts";"142";"clientMachineBody";"percentage";"percentage: z.number().min(0).max(100)"
"app/server/src/app.ts";"146";"loginBody";"email";"email: z.string().trim().min(1).max(200)"
"app/server/src/app.ts";"147";"loginBody";"password";"password: z.string().min(1).max(200)"
"app/server/src/app.ts";"489";"accountBody";"name";"name: text"
"app/server/src/app.ts";"490";"accountBody";"nickname";"nickname: z.string().trim().max(120).optional()"
"app/server/src/app.ts";"491";"accountBody";"note";"note: z.string().trim().max(1000).optional()"
"app/server/src/app.ts";"492";"accountBody";"email";"email: emailField"
"app/server/src/app.ts";"493";"accountBody";"role";"role: z.enum([""admin"", ""collector""])"
"app/server/src/app.ts";"494";"accountBody";"collectorId";"collectorId: id.optional()"
"app/server/src/app.ts";"495";"accountBody";"password";"password: passwordField"
"app/server/src/app.ts";"498";"passwordBody";"password";"password: passwordField"
"app/server/src/app.ts";"500";"accountStatusBody";"status";"status: z.enum([""active"", ""disabled""])"
"app/server/src/app.ts";"966";"buildApp";"chargeId";"chargeId: id"
"app/server/src/app.ts";"966";"buildApp";"amount";"amount: money"
"app/server/src/app.ts";"966";"buildApp";"currency";"currency: currency.optional()"
"app/server/src/app.ts";"971";"buildApp";"payoutId";"payoutId: id"
"app/server/src/app.ts";"971";"buildApp";"amount";"amount: money"
"app/server/src/app.ts";"971";"buildApp";"currency";"currency: currency.optional()"
"app/server/src/app.ts";"1009";"buildApp";"clientId";"clientId: id"
"app/server/src/app.ts";"1010";"buildApp";"collectorId";"collectorId: id"
"app/server/src/app.ts";"1011";"buildApp";"currency";"currency: currency.default(""DOP"")"
"app/server/src/app.ts";"1012";"buildApp";"lines";"lines: z.array(z.object({ chargeId: id, amount: money }).strict()).min(1).max(100)"
"app/server/src/app.ts";"1012";"buildApp";"chargeId";"chargeId: id"
"app/server/src/app.ts";"1012";"buildApp";"amount";"amount: money"
"app/server/src/app.ts";"1030";"buildApp";"clientId";"clientId: id"
"app/server/src/app.ts";"1031";"buildApp";"collectorId";"collectorId: id"
"app/server/src/app.ts";"1032";"buildApp";"currency";"currency: currency.default(""DOP"")"
"app/server/src/app.ts";"1033";"buildApp";"lines";"lines: z.array(z.object({ payoutId: id, amount: money }).strict()).min(1).max(100)"
"app/server/src/app.ts";"1033";"buildApp";"payoutId";"payoutId: id"
"app/server/src/app.ts";"1033";"buildApp";"amount";"amount: money"
"app/server/src/app.ts";"1047";"movementCancellationBody";"reason";"reason: z.string().trim().min(1).max(500)"
"app/server/src/app.ts";"1066";"buildApp";"config";"config: z.record(z.string(), z.unknown())"
"app/server/src/app.ts";"1082";"depositAcceptBody";"desglose";"desglose: z .array( z.object({ denominacion: z.number(), cantidad: z.number() }).strict(), ) .optional()"
"app/server/src/app.ts";"1084";"depositAcceptBody";"denominacion";"denominacion: z.number()"
"app/server/src/app.ts";"1084";"depositAcceptBody";"cantidad";"cantidad: z.number()"
"app/server/src/app.ts";"1103";"importChargeRow";"identificacion";"identificacion: z.string().trim().min(1).max(80)"
"app/server/src/app.ts";"1104";"importChargeRow";"servicio";"servicio: z.string().trim().min(1).max(160)"
"app/server/src/app.ts";"1105";"importChargeRow";"importe";"importe: z.number()"
"app/server/src/app.ts";"1106";"importChargeRow";"fecha";"fecha: z.iso.date().optional()"
"app/server/src/app.ts";"1107";"importChargeRow";"requerido";"requerido: z.boolean().optional()"
"app/server/src/app.ts";"1108";"importChargeRow";"moneda";"moneda: currency.optional()"
"app/server/src/app.ts";"1113";"importPayoutRow";"identificacion";"identificacion: z.string().trim().min(1).max(80)"
"app/server/src/app.ts";"1114";"importPayoutRow";"concepto";"concepto: z.string().trim().min(1).max(160)"
"app/server/src/app.ts";"1115";"importPayoutRow";"importe";"importe: z.number()"
"app/server/src/app.ts";"1116";"importPayoutRow";"cobrador";"cobrador: z.string().trim().min(1).max(80).optional()"
"app/server/src/app.ts";"1117";"importPayoutRow";"moneda";"moneda: currency.optional()"
"app/server/src/app.ts";"1123";"buildApp";"filas";"filas: z.array(importChargeRow).min(1).max(1000)"
"app/server/src/app.ts";"1129";"buildApp";"filas";"filas: z.array(importPayoutRow).min(1).max(1000)"
"app/server/src/app.ts";"1137";"buildApp";"clientId";"clientId: id"
"app/server/src/app.ts";"1138";"buildApp";"concept";"concept: text"
"app/server/src/app.ts";"1139";"buildApp";"amount";"amount: money"
"app/server/src/app.ts";"1140";"buildApp";"currency";"currency: currency.default(""DOP"")"
"app/server/src/app.ts";"1141";"buildApp";"frequency";"frequency: z.enum([""weekly"", ""monthly"", ""quarterly""])"
"app/server/src/app.ts";"1142";"buildApp";"nextRunDate";"nextRunDate: date"
"app/server/src/app.ts";"1152";"buildApp";"concept";"concept: text.optional()"
"app/server/src/app.ts";"1153";"buildApp";"amount";"amount: money.optional()"
"app/server/src/app.ts";"1154";"buildApp";"currency";"currency: currency.optional()"
"app/server/src/app.ts";"1155";"buildApp";"frequency";"frequency: z.enum([""weekly"", ""monthly"", ""quarterly""]).optional()"
"app/server/src/app.ts";"1156";"buildApp";"nextRunDate";"nextRunDate: date.optional()"
"app/server/src/app.ts";"1157";"buildApp";"status";"status: z.enum([""active"", ""paused"", ""archived""]).optional()"
"app/server/src/app.ts";"1163";"q";"collectorId";"collectorId: id"
"app/server/src/app.ts";"1163";"q";"...spread";"date"
"app/server/src/app.ts";"1163";"q";"currency";"currency: currency.default(""DOP"")"
"app/server/src/app.ts";"1192";"buildApp";"collectorId";"collectorId: id"
"app/server/src/app.ts";"1192";"buildApp";"...spread";"date"
"app/server/src/app.ts";"1202";"trackingBody";"lat";"lat: z.number().min(-90).max(90)"
"app/server/src/app.ts";"1203";"trackingBody";"lng";"lng: z.number().min(-180).max(180)"
"app/server/src/app.ts";"1270";"q";"width";"width: z.enum([""58"", ""80""]).default(""58"")"
"app/server/src/app.ts";"1324";"cancelBody";"...spread";"id"
"app/server/src/app.ts";"1324";"cancelBody";"reason";"reason: z.string().trim().max(500).default("""")"
"app/server/src/catalog-routes.ts";"17";"zoneBody";"...spread";"name"
"app/server/src/catalog-routes.ts";"17";"zoneBody";"sector";"sector: short.optional()"
"app/server/src/catalog-routes.ts";"17";"zoneBody";"number";"number: short.optional()"
"app/server/src/catalog-routes.ts";"17";"zoneBody";"from";"from: short.optional()"
"app/server/src/catalog-routes.ts";"17";"zoneBody";"to";"to: short.optional()"
"app/server/src/catalog-routes.ts";"17";"zoneBody";"active";"active: z.boolean().optional()"
"app/server/src/catalog-routes.ts";"18";"routeBody";"...spread";"name"
"app/server/src/catalog-routes.ts";"18";"routeBody";"sector";"sector: short"
"app/server/src/catalog-routes.ts";"18";"routeBody";"collectorId";"collectorId: id"
"app/server/src/catalog-routes.ts";"18";"routeBody";"zoneId";"zoneId: id.optional()"
"app/server/src/catalog-routes.ts";"18";"routeBody";"number";"number: short.optional()"
"app/server/src/catalog-routes.ts";"18";"routeBody";"from";"from: short.optional()"
"app/server/src/catalog-routes.ts";"18";"routeBody";"to";"to: short.optional()"
"app/server/src/catalog-routes.ts";"18";"routeBody";"active";"active: z.boolean().optional()"
"app/server/src/catalog-routes.ts";"20";"collectorBody";"...spread";"name"
"app/server/src/catalog-routes.ts";"20";"collectorBody";"ident";"ident: short.optional()"
"app/server/src/catalog-routes.ts";"20";"collectorBody";"cellular";"cellular: z.string().trim().max(40).optional()"
"app/server/src/catalog-routes.ts";"20";"collectorBody";"accountId";"accountId: short.optional()"
"app/server/src/catalog-routes.ts";"21";"collectorBody";"routeId";"routeId: id.optional()"
"app/server/src/catalog-routes.ts";"21";"collectorBody";"collectionLimit";"collectionLimit: amount.optional()"
"app/server/src/catalog-routes.ts";"21";"collectorBody";"payoutLimit";"payoutLimit: amount.optional()"
"app/server/src/catalog-routes.ts";"21";"collectorBody";"active";"active: z.boolean().optional()"
"app/server/src/catalog-routes.ts";"23";"collectorLimitsBody";"collectionLimit";"collectionLimit: amount"
"app/server/src/catalog-routes.ts";"23";"collectorLimitsBody";"payoutLimit";"payoutLimit: amount"
"app/server/src/catalog-routes.ts";"25";"serviceBody";"service";"service: name"
"app/server/src/catalog-routes.ts";"25";"serviceBody";"abbr";"abbr: short.default("""")"
"app/server/src/catalog-routes.ts";"25";"serviceBody";"caption";"caption: short.default("""")"
"app/server/src/catalog-routes.ts";"25";"serviceBody";"obligated";"obligated: z.boolean()"
"app/server/src/catalog-routes.ts";"25";"serviceBody";"active";"active: z.boolean()"
"app/server/src/catalog-routes.ts";"25";"serviceBody";"fixedAmount";"fixedAmount: z.boolean().optional()"
"app/server/src/catalog-routes.ts";"26";"serviceBody";"referencePriceCents";"referencePriceCents: z.number().int().min(0).max(MAX_MONEY_AMOUNT).nullable().optional()"
"app/server/src/catalog-routes.ts";"27";"serviceBody";"referenceCurrency";"referenceCurrency: z.enum([""DOP"", ""USD"", ""EUR""]).nullable().optional()"
"app/server/src/catalog-routes.ts";"28";"serviceBody";"taxReference";"taxReference: z.string().trim().min(1).max(160).nullable().optional()"
"app/server/src/catalog-routes.ts";"29";"serviceBody";"benefitReference";"benefitReference: z.string().trim().min(1).max(160).nullable().optional()"
"app/server/src/catalog-routes.ts";"30";"serviceBody";"referenceQuantity";"referenceQuantity: z.string().trim().min(1).max(64).nullable().optional()"
"app/server/src/catalog-routes.ts";"32";"reasonBody";"reason";"reason: name"
"app/server/src/catalog-routes.ts";"32";"reasonBody";"active";"active: z.boolean()"
"app/server/src/catalog-routes.ts";"34";"recurringBody";"clientId";"clientId: id"
"app/server/src/catalog-routes.ts";"34";"recurringBody";"routeId";"routeId: id.optional()"
"app/server/src/catalog-routes.ts";"34";"recurringBody";"serviceId";"serviceId: id.optional()"
"app/server/src/catalog-routes.ts";"34";"recurringBody";"startDate";"startDate: z.iso.date()"
"app/server/src/catalog-routes.ts";"35";"recurringBody";"endDate";"endDate: z.union([z.iso.date(), z.literal("""")]).default("""")"
"app/server/src/catalog-routes.ts";"35";"recurringBody";"frequency";"frequency: name"
"app/server/src/catalog-routes.ts";"36";"recurringBody";"day1";"day1: z.union([z.string().max(40), z.number().int().min(0).max(31)]).default("""")"
"app/server/src/catalog-routes.ts";"37";"recurringBody";"day2";"day2: z.union([z.string().max(40), z.number().int().min(0).max(31)]).default("""")"
"app/server/src/catalog-routes.ts";"38";"recurringBody";"currency";"currency: z.string().trim().min(1).max(40).refine((value) => supportedLedgerCurrency(value) !== undefined, ""Selecciona DOP, USD o EUR."").transform(ledgerCurrency).default(""DOP"")"
"app/server/src/catalog-routes.ts";"38";"recurringBody";"service";"service: name"
"app/server/src/catalog-routes.ts";"38";"recurringBody";"concept";"concept: short.default("""")"
"app/server/src/catalog-routes.ts";"39";"recurringBody";"useConceptAmount";"useConceptAmount: z.boolean().default(false)"
"app/server/src/catalog-routes.ts";"39";"recurringBody";"...spread";"amount"
"app/server/src/catalog-routes.ts";"39";"recurringBody";"note";"note: z.string().trim().max(2000).default("""")"
"app/server/src/catalog-routes.ts";"39";"recurringBody";"active";"active: z.boolean()"
"app/server/src/catalog-routes.ts";"168";"registerCatalogRoutes";"active";"active: z.boolean()"
"app/server/src/remittance-routes.ts";"39";"input";"...spread";"...quoteFields"
"app/server/src/remittance-routes.ts";"40";"input";"amount";"amount: z.coerce.number().int().positive().max(Number.MAX_SAFE_INTEGER)"
"app/server/src/remittance-routes.ts";"41";"input";"commissionBps";"commissionBps: z.coerce.number().int().min(0).max(10000)"
"app/server/src/remittance-routes.ts";"46";"registerRemittanceRoutes";"...spread";"currency"
"app/server/src/remittance-routes.ts";"46";"registerRemittanceRoutes";"rate";"rate: z.string().max(19)"
"app/server/src/remittance-routes.ts";"46";"registerRemittanceRoutes";"date";"date: z.iso.date()"
"app/server/src/remittance-routes.ts";"49";"registerRemittanceRoutes";"...spread";"...quoteFields"
"app/server/src/remittance-routes.ts";"49";"registerRemittanceRoutes";"senderClientId";"senderClientId: id"
"app/server/src/remittance-routes.ts";"49";"registerRemittanceRoutes";"recipientClientId";"recipientClientId: id"
"app/server/src/remittance-routes.ts";"49";"registerRemittanceRoutes";"sendingUserId";"sendingUserId: id.optional()"
"app/server/src/remittance-routes.ts";"50";"registerRemittanceRoutes";"quote";"quote: z.object({ date: z.iso.date(), sourceRate: z.string().max(19), destinationRate: z.string().max(19), quotedAt: z.iso.datetime().optional(), sourceRateChangeId: id.optional(), destinationRateChangeId: id.optional(), sourceRateChangedAt: z.iso.datetime().optional(), destinationRateChangedAt: z.iso.datetime().optional(), }).strict()"
"app/server/src/remittance-routes.ts";"54";"registerRemittanceRoutes";"managerCommission";"managerCommission: z.object({ managerName: z.string().trim().min(1).max(160).refine((value) => value.length <= 160, ""El nombre del gestor excede 160 caracteres.""), amount, currency, }).strict().optional()"
"app/server/src/remittance-routes.ts";"58";"registerRemittanceRoutes";"note";"note: z.string().trim().max(2000).default("""")"
"app/server/src/remittance-routes.ts";"50";"registerRemittanceRoutes";"date";"date: z.iso.date()"
"app/server/src/remittance-routes.ts";"50";"registerRemittanceRoutes";"sourceRate";"sourceRate: z.string().max(19)"
"app/server/src/remittance-routes.ts";"50";"registerRemittanceRoutes";"destinationRate";"destinationRate: z.string().max(19)"
"app/server/src/remittance-routes.ts";"51";"registerRemittanceRoutes";"quotedAt";"quotedAt: z.iso.datetime().optional()"
"app/server/src/remittance-routes.ts";"51";"registerRemittanceRoutes";"sourceRateChangeId";"sourceRateChangeId: id.optional()"
"app/server/src/remittance-routes.ts";"51";"registerRemittanceRoutes";"destinationRateChangeId";"destinationRateChangeId: id.optional()"
"app/server/src/remittance-routes.ts";"52";"registerRemittanceRoutes";"sourceRateChangedAt";"sourceRateChangedAt: z.iso.datetime().optional()"
"app/server/src/remittance-routes.ts";"52";"registerRemittanceRoutes";"destinationRateChangedAt";"destinationRateChangedAt: z.iso.datetime().optional()"
"app/server/src/remittance-routes.ts";"55";"registerRemittanceRoutes";"managerName";"managerName: z.string().trim().min(1).max(160).refine((value) => value.length <= 160, ""El nombre del gestor excede 160 caracteres."")"
"app/server/src/remittance-routes.ts";"56";"registerRemittanceRoutes";"...spread";"amount"
"app/server/src/remittance-routes.ts";"56";"registerRemittanceRoutes";"...spread";"currency"
"app/server/src/remittance-routes.ts";"63";"registerRemittanceRoutes";"reason";"reason: z.string().trim().min(1).max(500)"
"app/server/src/remittance-routes.ts";"66";"registerRemittanceRoutes";"operatorId";"operatorId: id"
"app/server/src/remittance-routes.ts";"66";"registerRemittanceRoutes";"...spread";"currency"
"app/server/src/remittance-routes.ts";"66";"registerRemittanceRoutes";"openingAmount";"openingAmount: amount"
"app/server/src/remittance-routes.ts";"69";"registerRemittanceRoutes";"countedAmount";"countedAmount: amount"
"app/server/src/remittance-routes.ts";"72";"input";"from";"from: z.iso.date()"
"app/server/src/remittance-routes.ts";"72";"input";"to";"to: z.iso.date()"
"app/server/src/remittance-routes.ts";"72";"input";"grouping";"grouping: z.enum([""range"", ""day""]).default(""range"")"
"app/server/src/remittance-routes.ts";"76";"registerRemittanceRoutes";"active";"active: z.boolean()"
