"ID";"Archivo";"Linea";"Clave";"Etiqueta";"Tipo";"Opciones";"Obligatorio";"maxLength";"Politica_propuesta";"Regla_propuesta"
"DYN-0001";"app/client-admin/src/App.tsx";"151";"""admin-panel""";"""Admin.""";"";"";"";"";"TEXT";"Texto plano Unicode con puntuación legítima; longitud por contrato, sin NUL/controles; saltos de línea solo donde corresponda; escapar al exportar/renderizar."
"DYN-0002";"app/client-admin/src/App.tsx";"152";"""clients""";"""Clientes""";"";"";"";"";"NAME";"Texto Unicode legible: letras con acentos, números cuando sea nombre comercial/catálogo y puntuación legítima; límites por contrato; sin controles invisibles."
"DYN-0003";"app/client-admin/src/App.tsx";"153";"""remittances""";"""Envíos de Dinero""";"";"";"";"";"TEXT";"Texto plano Unicode con puntuación legítima; longitud por contrato, sin NUL/controles; saltos de línea solo donde corresponda; escapar al exportar/renderizar."
"DYN-0004";"app/client-admin/src/App.tsx";"154";"""direct-charges""";"""Cargos""";"";"";"";"";"TEXT";"Texto plano Unicode con puntuación legítima; longitud por contrato, sin NUL/controles; saltos de línea solo donde corresponda; escapar al exportar/renderizar."
"DYN-0005";"app/client-admin/src/App.tsx";"162";"""recurring-charges""";"""Cargos Recurrentes""";"";"";"";"";"TEXT";"Texto plano Unicode con puntuación legítima; longitud por contrato, sin NUL/controles; saltos de línea solo donde corresponda; escapar al exportar/renderizar."
"DYN-0006";"app/client-admin/src/App.tsx";"169";"""collections""";"""Cobros""";"";"";"";"";"TEXT";"Texto plano Unicode con puntuación legítima; longitud por contrato, sin NUL/controles; saltos de línea solo donde corresponda; escapar al exportar/renderizar."
"DYN-0007";"app/client-admin/src/App.tsx";"176";"""deposits""";"""Depósitos por Cobradores""";"";"";"";"";"NAME";"Texto Unicode legible: letras con acentos, números cuando sea nombre comercial/catálogo y puntuación legítima; límites por contrato; sin controles invisibles."
"DYN-0008";"app/client-admin/src/App.tsx";"183";"""payouts""";"""Descargos""";"";"";"";"";"TEXT";"Texto plano Unicode con puntuación legítima; longitud por contrato, sin NUL/controles; saltos de línea solo donde corresponda; escapar al exportar/renderizar."
"DYN-0009";"app/client-admin/src/App.tsx";"190";"""recurring-payouts""";"""Descargos Rec.""";"";"";"";"";"TEXT";"Texto plano Unicode con puntuación legítima; longitud por contrato, sin NUL/controles; saltos de línea solo donde corresponda; escapar al exportar/renderizar."
"DYN-0010";"app/client-admin/src/App.tsx";"197";"""payments""";"""Pagos""";"";"";"";"";"TEXT";"Texto plano Unicode con puntuación legítima; longitud por contrato, sin NUL/controles; saltos de línea solo donde corresponda; escapar al exportar/renderizar."
"DYN-0011";"app/client-admin/src/App.tsx";"204";"""cash-delivery""";"""Entregas de Dinero""";"";"";"";"";"TEXT";"Texto plano Unicode con puntuación legítima; longitud por contrato, sin NUL/controles; saltos de línea solo donde corresponda; escapar al exportar/renderizar."
"DYN-0012";"app/client-admin/src/App.tsx";"211";"""monitor-collectors""";"""Monitor C""";"";"";"";"";"TEXT";"Texto plano Unicode con puntuación legítima; longitud por contrato, sin NUL/controles; saltos de línea solo donde corresponda; escapar al exportar/renderizar."
"DYN-0013";"app/client-admin/src/App.tsx";"219";"""monitor-zones""";"""Monitor Z""";"";"";"";"";"TEXT";"Texto plano Unicode con puntuación legítima; longitud por contrato, sin NUL/controles; saltos de línea solo donde corresponda; escapar al exportar/renderizar."
"DYN-0014";"app/client-admin/src/App.tsx";"220";"""monitor-routes""";"""Monitor R""";"";"";"";"";"TEXT";"Texto plano Unicode con puntuación legítima; longitud por contrato, sin NUL/controles; saltos de línea solo donde corresponda; escapar al exportar/renderizar."
"DYN-0015";"app/client-admin/src/App.tsx";"221";"""daily-settlements""";"""Cuadres Diarios""";"";"";"";"";"TEXT";"Texto plano Unicode con puntuación legítima; longitud por contrato, sin NUL/controles; saltos de línea solo donde corresponda; escapar al exportar/renderizar."
"DYN-0016";"app/client-admin/src/App.tsx";"222";"""general-reports""";"""Reportes""";"";"";"";"";"TEXT";"Texto plano Unicode con puntuación legítima; longitud por contrato, sin NUL/controles; saltos de línea solo donde corresponda; escapar al exportar/renderizar."
"DYN-0017";"app/client-admin/src/App.tsx";"912";"movement.collectorId";"snapshot.collectors.find((collector) => collector.id === movement.collectorId)?.name ?? ""Cobrador sin nombre""";"";"";"";"";"NAME";"Texto Unicode legible: letras con acentos, números cuando sea nombre comercial/catálogo y puntuación legítima; límites por contrato; sin controles invisibles."
"DYN-0018";"app/client-admin/src/App.tsx";"9592";"""code""";"""Código""";"";"";"";"";"CODE";"Texto identificador: letras/números y separadores acordados (- _ . /); mantener ceros iniciales; no forzar UUID ni número a códigos legacy."
"DYN-0019";"app/client-admin/src/App.tsx";"9593";"""name""";"""Cobrador""";"";"";"";"";"NAME";"Texto Unicode legible: letras con acentos, números cuando sea nombre comercial/catálogo y puntuación legítima; límites por contrato; sin controles invisibles."
"DYN-0020";"app/client-admin/src/App.tsx";"9594";"""route""";"""Ruta""";"";"";"";"";"TEXT";"Texto plano Unicode con puntuación legítima; longitud por contrato, sin NUL/controles; saltos de línea solo donde corresponda; escapar al exportar/renderizar."
"DYN-0021";"app/client-admin/src/App.tsx";"9595";"""status""";"""Estado""";"";"";"";"";"TEXT";"Texto plano Unicode con puntuación legítima; longitud por contrato, sin NUL/controles; saltos de línea solo donde corresponda; escapar al exportar/renderizar."
"DYN-0022";"app/client-admin/src/App.tsx";"9596";"""collectionLimit""";"""Lím. Cobro""";"";"";"";"";"MONEY";"Decimal positivo de hasta 2 posiciones; sin letras, exponente ni separadores de miles; convertir a centavos exactos; techo por operación."
"DYN-0023";"app/client-admin/src/App.tsx";"9597";"""payoutLimit""";"""Lím. Pago""";"";"";"";"";"MONEY";"Decimal positivo de hasta 2 posiciones; sin letras, exponente ni separadores de miles; convertir a centavos exactos; techo por operación."
"DYN-0024";"app/client-admin/src/App.tsx";"9598";"""cash""";"""En Mano""";"";"";"";"";"TEXT";"Texto plano Unicode con puntuación legítima; longitud por contrato, sin NUL/controles; saltos de línea solo donde corresponda; escapar al exportar/renderizar."
"DYN-0025";"app/client-admin/src/App.tsx";"9626";"""code""";"""Código""";"";"";"";"";"CODE";"Texto identificador: letras/números y separadores acordados (- _ . /); mantener ceros iniciales; no forzar UUID ni número a códigos legacy."
"DYN-0026";"app/client-admin/src/App.tsx";"9627";"""name""";"""Cliente""";"";"";"";"";"NAME";"Texto Unicode legible: letras con acentos, números cuando sea nombre comercial/catálogo y puntuación legítima; límites por contrato; sin controles invisibles."
"DYN-0027";"app/client-admin/src/App.tsx";"9628";"""route""";"""Ruta""";"";"";"";"";"TEXT";"Texto plano Unicode con puntuación legítima; longitud por contrato, sin NUL/controles; saltos de línea solo donde corresponda; escapar al exportar/renderizar."
"DYN-0028";"app/client-admin/src/App.tsx";"9629";"""address""";"""Dirección""";"";"";"";"";"TEXT";"Texto plano Unicode con puntuación legítima; longitud por contrato, sin NUL/controles; saltos de línea solo donde corresponda; escapar al exportar/renderizar."
"DYN-0029";"app/client-admin/src/App.tsx";"9630";"""phone""";"""Teléfono""";"";"";"";"";"PHONE";"Dígitos, + inicial, espacios, guiones y paréntesis; validar 8–15 dígitos tras normalización; vacío si opcional; máximo API 40."
"DYN-0030";"app/client-admin/src/App.tsx";"9631";"""state""";"""Estado""";"";"";"";"";"TEXT";"Texto plano Unicode con puntuación legítima; longitud por contrato, sin NUL/controles; saltos de línea solo donde corresponda; escapar al exportar/renderizar."
"DYN-0031";"app/client-admin/src/App.tsx";"9650";"""type""";"""Tipo""";"";"";"";"";"TEXT";"Texto plano Unicode con puntuación legítima; longitud por contrato, sin NUL/controles; saltos de línea solo donde corresponda; escapar al exportar/renderizar."
"DYN-0032";"app/client-admin/src/App.tsx";"9651";"""code""";"""Código""";"";"";"";"";"CODE";"Texto identificador: letras/números y separadores acordados (- _ . /); mantener ceros iniciales; no forzar UUID ni número a códigos legacy."
"DYN-0033";"app/client-admin/src/App.tsx";"9652";"""name""";"""Nombre""";"";"";"";"";"NAME";"Texto Unicode legible: letras con acentos, números cuando sea nombre comercial/catálogo y puntuación legítima; límites por contrato; sin controles invisibles."
"DYN-0034";"app/client-admin/src/App.tsx";"9653";"""sector""";"""Zona/Sector""";"";"";"";"";"NAME";"Texto Unicode legible: letras con acentos, números cuando sea nombre comercial/catálogo y puntuación legítima; límites por contrato; sin controles invisibles."
"DYN-0035";"app/client-admin/src/App.tsx";"9654";"""collector""";"""Cobrador""";"";"";"";"";"NAME";"Texto Unicode legible: letras con acentos, números cuando sea nombre comercial/catálogo y puntuación legítima; límites por contrato; sin controles invisibles."
"DYN-0036";"app/client-admin/src/App.tsx";"9655";"""clients""";"""Clientes""";"";"";"";"";"NAME";"Texto Unicode legible: letras con acentos, números cuando sea nombre comercial/catálogo y puntuación legítima; límites por contrato; sin controles invisibles."
"DYN-0037";"app/client-admin/src/App.tsx";"9683";"""code""";"""Código""";"";"";"";"";"CODE";"Texto identificador: letras/números y separadores acordados (- _ . /); mantener ceros iniciales; no forzar UUID ni número a códigos legacy."
"DYN-0038";"app/client-admin/src/App.tsx";"9684";"""service""";"""Servicio / Producto""";"";"";"";"";"TEXT";"Texto plano Unicode con puntuación legítima; longitud por contrato, sin NUL/controles; saltos de línea solo donde corresponda; escapar al exportar/renderizar."
"DYN-0039";"app/client-admin/src/App.tsx";"9685";"""abbr""";"""Abrev.""";"";"";"";"";"NAME";"Texto Unicode legible: letras con acentos, números cuando sea nombre comercial/catálogo y puntuación legítima; límites por contrato; sin controles invisibles."
"DYN-0040";"app/client-admin/src/App.tsx";"9686";"""required""";"""Obligado""";"";"";"";"";"TEXT";"Texto plano Unicode con puntuación legítima; longitud por contrato, sin NUL/controles; saltos de línea solo donde corresponda; escapar al exportar/renderizar."
"DYN-0041";"app/client-admin/src/App.tsx";"9687";"""amount""";"""Monto Referencia""";"";"";"";"";"MONEY";"Decimal positivo de hasta 2 posiciones; sin letras, exponente ni separadores de miles; convertir a centavos exactos; techo por operación."
"DYN-0042";"app/client-admin/src/App.tsx";"9709";"""client""";"""Cliente""";"";"";"";"";"NAME";"Texto Unicode legible: letras con acentos, números cuando sea nombre comercial/catálogo y puntuación legítima; límites por contrato; sin controles invisibles."
"DYN-0043";"app/client-admin/src/App.tsx";"9710";"""charge""";"""Servicio""";"";"";"";"";"TEXT";"Texto plano Unicode con puntuación legítima; longitud por contrato, sin NUL/controles; saltos de línea solo donde corresponda; escapar al exportar/renderizar."
"DYN-0044";"app/client-admin/src/App.tsx";"9711";"""due""";"""Fecha""";"";"";"";"";"TEXT";"Texto plano Unicode con puntuación legítima; longitud por contrato, sin NUL/controles; saltos de línea solo donde corresponda; escapar al exportar/renderizar."
"DYN-0045";"app/client-admin/src/App.tsx";"9712";"""reason""";"""Motivo""";"";"";"";"";"TEXT";"Texto plano Unicode con puntuación legítima; longitud por contrato, sin NUL/controles; saltos de línea solo donde corresponda; escapar al exportar/renderizar."
"DYN-0046";"app/client-admin/src/App.tsx";"9713";"""state""";"""Estado""";"";"";"";"";"TEXT";"Texto plano Unicode con puntuación legítima; longitud por contrato, sin NUL/controles; saltos de línea solo donde corresponda; escapar al exportar/renderizar."
"DYN-0047";"app/client-admin/src/App.tsx";"9735";"""date""";"""Fecha""";"";"";"";"";"TEXT";"Texto plano Unicode con puntuación legítima; longitud por contrato, sin NUL/controles; saltos de línea solo donde corresponda; escapar al exportar/renderizar."
"DYN-0048";"app/client-admin/src/App.tsx";"9736";"""currency""";"""Moneda""";"";"";"";"";"TEXT";"Texto plano Unicode con puntuación legítima; longitud por contrato, sin NUL/controles; saltos de línea solo donde corresponda; escapar al exportar/renderizar."
"DYN-0049";"app/client-admin/src/App.tsx";"9737";"""abbr""";"""Abrev.""";"";"";"";"";"NAME";"Texto Unicode legible: letras con acentos, números cuando sea nombre comercial/catálogo y puntuación legítima; límites por contrato; sin controles invisibles."
"DYN-0050";"app/client-admin/src/App.tsx";"9738";"""buy""";"""Compra""";"";"";"";"";"TEXT";"Texto plano Unicode con puntuación legítima; longitud por contrato, sin NUL/controles; saltos de línea solo donde corresponda; escapar al exportar/renderizar."
"DYN-0051";"app/client-admin/src/App.tsx";"9739";"""sell""";"""Venta""";"";"";"";"";"TEXT";"Texto plano Unicode con puntuación legítima; longitud por contrato, sin NUL/controles; saltos de línea solo donde corresponda; escapar al exportar/renderizar."
"DYN-0052";"app/client-admin/src/App.tsx";"9771";"""user""";"""Usuario""";"";"";"";"";"TEXT";"Texto plano Unicode con puntuación legítima; longitud por contrato, sin NUL/controles; saltos de línea solo donde corresponda; escapar al exportar/renderizar."
"DYN-0053";"app/client-admin/src/App.tsx";"9772";"""account""";"""Cuenta""";"";"";"";"";"TEXT";"Texto plano Unicode con puntuación legítima; longitud por contrato, sin NUL/controles; saltos de línea solo donde corresponda; escapar al exportar/renderizar."
"DYN-0054";"app/client-admin/src/App.tsx";"9773";"""role""";"""Rol""";"";"";"";"";"TEXT";"Texto plano Unicode con puntuación legítima; longitud por contrato, sin NUL/controles; saltos de línea solo donde corresponda; escapar al exportar/renderizar."
"DYN-0055";"app/client-admin/src/App.tsx";"9774";"""state""";"""Estado""";"";"";"";"";"TEXT";"Texto plano Unicode con puntuación legítima; longitud por contrato, sin NUL/controles; saltos de línea solo donde corresponda; escapar al exportar/renderizar."
"DYN-0056";"app/client-admin/src/App.tsx";"9775";"""actions""";"""Acciones""";"";"";"";"";"TEXT";"Texto plano Unicode con puntuación legítima; longitud por contrato, sin NUL/controles; saltos de línea solo donde corresponda; escapar al exportar/renderizar."
"DYN-0057";"app/client-admin/src/App.tsx";"9827";"""user""";"""Usuario""";"";"";"";"";"TEXT";"Texto plano Unicode con puntuación legítima; longitud por contrato, sin NUL/controles; saltos de línea solo donde corresponda; escapar al exportar/renderizar."
"DYN-0058";"app/client-admin/src/App.tsx";"9828";"""account""";"""Cuenta""";"";"";"";"";"TEXT";"Texto plano Unicode con puntuación legítima; longitud por contrato, sin NUL/controles; saltos de línea solo donde corresponda; escapar al exportar/renderizar."
"DYN-0059";"app/client-admin/src/App.tsx";"9829";"""role""";"""Rol""";"";"";"";"";"TEXT";"Texto plano Unicode con puntuación legítima; longitud por contrato, sin NUL/controles; saltos de línea solo donde corresponda; escapar al exportar/renderizar."
"DYN-0060";"app/client-admin/src/App.tsx";"9830";"""state""";"""Estado""";"";"";"";"";"TEXT";"Texto plano Unicode con puntuación legítima; longitud por contrato, sin NUL/controles; saltos de línea solo donde corresponda; escapar al exportar/renderizar."
"DYN-0061";"app/client-admin/src/App.tsx";"9842";"""n""";"""Nro.""";"";"";"";"";"TEXT";"Texto plano Unicode con puntuación legítima; longitud por contrato, sin NUL/controles; saltos de línea solo donde corresponda; escapar al exportar/renderizar."
"DYN-0062";"app/client-admin/src/App.tsx";"9843";"""date""";"""Fecha""";"";"";"";"";"TEXT";"Texto plano Unicode con puntuación legítima; longitud por contrato, sin NUL/controles; saltos de línea solo donde corresponda; escapar al exportar/renderizar."
"DYN-0063";"app/client-admin/src/App.tsx";"9844";"""code""";"""Cód.""";"";"";"";"";"CODE";"Texto identificador: letras/números y separadores acordados (- _ . /); mantener ceros iniciales; no forzar UUID ni número a códigos legacy."
"DYN-0064";"app/client-admin/src/App.tsx";"9845";"""ident""";"""Identif.""";"";"";"";"";"CODE";"Texto identificador: letras/números y separadores acordados (- _ . /); mantener ceros iniciales; no forzar UUID ni número a códigos legacy."
"DYN-0065";"app/client-admin/src/App.tsx";"9846";"""client""";"""Cliente""";"";"";"";"";"NAME";"Texto Unicode legible: letras con acentos, números cuando sea nombre comercial/catálogo y puntuación legítima; límites por contrato; sin controles invisibles."
"DYN-0066";"app/client-admin/src/App.tsx";"9847";"""abbr""";"""Abrev.""";"";"";"";"";"NAME";"Texto Unicode legible: letras con acentos, números cuando sea nombre comercial/catálogo y puntuación legítima; límites por contrato; sin controles invisibles."
"DYN-0067";"app/client-admin/src/App.tsx";"9848";"""service""";"""Servicio""";"";"";"";"";"TEXT";"Texto plano Unicode con puntuación legítima; longitud por contrato, sin NUL/controles; saltos de línea solo donde corresponda; escapar al exportar/renderizar."
"DYN-0068";"app/client-admin/src/App.tsx";"9897";"""n""";"""Nro.""";"";"";"";"";"TEXT";"Texto plano Unicode con puntuación legítima; longitud por contrato, sin NUL/controles; saltos de línea solo donde corresponda; escapar al exportar/renderizar."
"DYN-0069";"app/client-admin/src/App.tsx";"9898";"""date""";"""Fecha""";"";"";"";"";"TEXT";"Texto plano Unicode con puntuación legítima; longitud por contrato, sin NUL/controles; saltos de línea solo donde corresponda; escapar al exportar/renderizar."
"DYN-0070";"app/client-admin/src/App.tsx";"9899";"""frequency""";"""Frecuencia""";"";"";"";"";"TEXT";"Texto plano Unicode con puntuación legítima; longitud por contrato, sin NUL/controles; saltos de línea solo donde corresponda; escapar al exportar/renderizar."
"DYN-0071";"app/client-admin/src/App.tsx";"9900";"""ident""";"""Identif.""";"";"";"";"";"CODE";"Texto identificador: letras/números y separadores acordados (- _ . /); mantener ceros iniciales; no forzar UUID ni número a códigos legacy."
"DYN-0072";"app/client-admin/src/App.tsx";"9901";"""client""";"""Cliente""";"";"";"";"";"NAME";"Texto Unicode legible: letras con acentos, números cuando sea nombre comercial/catálogo y puntuación legítima; límites por contrato; sin controles invisibles."
"DYN-0073";"app/client-admin/src/App.tsx";"9902";"""concept""";"""Concepto""";"";"";"";"";"TEXT";"Texto plano Unicode con puntuación legítima; longitud por contrato, sin NUL/controles; saltos de línea solo donde corresponda; escapar al exportar/renderizar."
"DYN-0074";"app/client-admin/src/App.tsx";"9903";"""status""";"""Estado""";"";"";"";"";"TEXT";"Texto plano Unicode con puntuación legítima; longitud por contrato, sin NUL/controles; saltos de línea solo donde corresponda; escapar al exportar/renderizar."
"DYN-0075";"app/client-admin/src/App.tsx";"9944";"""n""";"""Nro.""";"";"";"";"";"TEXT";"Texto plano Unicode con puntuación legítima; longitud por contrato, sin NUL/controles; saltos de línea solo donde corresponda; escapar al exportar/renderizar."
"DYN-0076";"app/client-admin/src/App.tsx";"9945";"""ident""";"""Identif.""";"";"";"";"";"CODE";"Texto identificador: letras/números y separadores acordados (- _ . /); mantener ceros iniciales; no forzar UUID ni número a códigos legacy."
"DYN-0077";"app/client-admin/src/App.tsx";"9946";"""client""";"""Cliente""";"";"";"";"";"NAME";"Texto Unicode legible: letras con acentos, números cuando sea nombre comercial/catálogo y puntuación legítima; límites por contrato; sin controles invisibles."
"DYN-0078";"app/client-admin/src/App.tsx";"9947";"""date""";"""Fecha""";"";"";"";"";"TEXT";"Texto plano Unicode con puntuación legítima; longitud por contrato, sin NUL/controles; saltos de línea solo donde corresponda; escapar al exportar/renderizar."
"DYN-0079";"app/client-admin/src/App.tsx";"9948";"""line""";"""Línea""";"";"";"";"";"TEXT";"Texto plano Unicode con puntuación legítima; longitud por contrato, sin NUL/controles; saltos de línea solo donde corresponda; escapar al exportar/renderizar."
"DYN-0080";"app/client-admin/src/App.tsx";"9949";"""receipt""";"""Recibo""";"";"";"";"";"TEXT";"Texto plano Unicode con puntuación legítima; longitud por contrato, sin NUL/controles; saltos de línea solo donde corresponda; escapar al exportar/renderizar."
"DYN-0081";"app/client-admin/src/App.tsx";"9950";"""amount""";"""Importe""";"";"";"";"";"MONEY";"Decimal positivo de hasta 2 posiciones; sin letras, exponente ni separadores de miles; convertir a centavos exactos; techo por operación."
"DYN-0082";"app/client-admin/src/App.tsx";"9951";"""active""";"""Activo""";"";"";"";"";"TEXT";"Texto plano Unicode con puntuación legítima; longitud por contrato, sin NUL/controles; saltos de línea solo donde corresponda; escapar al exportar/renderizar."
"DYN-0083";"app/client-admin/src/App.tsx";"9952";"""registry""";"""Registro""";"";"";"";"";"TEXT";"Texto plano Unicode con puntuación legítima; longitud por contrato, sin NUL/controles; saltos de línea solo donde corresponda; escapar al exportar/renderizar."
"DYN-0084";"app/client-admin/src/App.tsx";"9998";"""n""";"""Nro.""";"";"";"";"";"TEXT";"Texto plano Unicode con puntuación legítima; longitud por contrato, sin NUL/controles; saltos de línea solo donde corresponda; escapar al exportar/renderizar."
"DYN-0085";"app/client-admin/src/App.tsx";"9999";"""date""";"""Fecha""";"";"";"";"";"TEXT";"Texto plano Unicode con puntuación legítima; longitud por contrato, sin NUL/controles; saltos de línea solo donde corresponda; escapar al exportar/renderizar."
"DYN-0086";"app/client-admin/src/App.tsx";"10000";"""collector""";"""Cobrador""";"";"";"";"";"NAME";"Texto Unicode legible: letras con acentos, números cuando sea nombre comercial/catálogo y puntuación legítima; límites por contrato; sin controles invisibles."
"DYN-0087";"app/client-admin/src/App.tsx";"10001";"""currency""";"""Moneda""";"";"";"";"";"TEXT";"Texto plano Unicode con puntuación legítima; longitud por contrato, sin NUL/controles; saltos de línea solo donde corresponda; escapar al exportar/renderizar."
"DYN-0088";"app/client-admin/src/App.tsx";"10002";"""amount""";"""Importe""";"";"";"";"";"MONEY";"Decimal positivo de hasta 2 posiciones; sin letras, exponente ni separadores de miles; convertir a centavos exactos; techo por operación."
"DYN-0089";"app/client-admin/src/App.tsx";"10003";"""acep""";"""Acep.""";"";"";"";"";"TEXT";"Texto plano Unicode con puntuación legítima; longitud por contrato, sin NUL/controles; saltos de línea solo donde corresponda; escapar al exportar/renderizar."
"DYN-0090";"app/client-admin/src/App.tsx";"10052";"""n""";"""Nro.""";"";"";"";"";"TEXT";"Texto plano Unicode con puntuación legítima; longitud por contrato, sin NUL/controles; saltos de línea solo donde corresponda; escapar al exportar/renderizar."
"DYN-0091";"app/client-admin/src/App.tsx";"10053";"""ident""";"""Identificación""";"";"";"";"";"CODE";"Texto identificador: letras/números y separadores acordados (- _ . /); mantener ceros iniciales; no forzar UUID ni número a códigos legacy."
"DYN-0092";"app/client-admin/src/App.tsx";"10054";"""client""";"""Cliente""";"";"";"";"";"NAME";"Texto Unicode legible: letras con acentos, números cuando sea nombre comercial/catálogo y puntuación legítima; límites por contrato; sin controles invisibles."
"DYN-0093";"app/client-admin/src/App.tsx";"10055";"""date""";"""Fecha""";"";"";"";"";"TEXT";"Texto plano Unicode con puntuación legítima; longitud por contrato, sin NUL/controles; saltos de línea solo donde corresponda; escapar al exportar/renderizar."
"DYN-0094";"app/client-admin/src/App.tsx";"10056";"""currency""";"""Moneda""";"";"";"";"";"TEXT";"Texto plano Unicode con puntuación legítima; longitud por contrato, sin NUL/controles; saltos de línea solo donde corresponda; escapar al exportar/renderizar."
"DYN-0095";"app/client-admin/src/App.tsx";"10057";"""service""";"""Servicio""";"";"";"";"";"TEXT";"Texto plano Unicode con puntuación legítima; longitud por contrato, sin NUL/controles; saltos de línea solo donde corresponda; escapar al exportar/renderizar."
"DYN-0096";"app/client-admin/src/App.tsx";"10094";"""n""";"""Nro.""";"";"";"";"";"TEXT";"Texto plano Unicode con puntuación legítima; longitud por contrato, sin NUL/controles; saltos de línea solo donde corresponda; escapar al exportar/renderizar."
"DYN-0097";"app/client-admin/src/App.tsx";"10095";"""ident""";"""Identif.""";"";"";"";"";"CODE";"Texto identificador: letras/números y separadores acordados (- _ . /); mantener ceros iniciales; no forzar UUID ni número a códigos legacy."
"DYN-0098";"app/client-admin/src/App.tsx";"10096";"""client""";"""Cliente""";"";"";"";"";"NAME";"Texto Unicode legible: letras con acentos, números cuando sea nombre comercial/catálogo y puntuación legítima; límites por contrato; sin controles invisibles."
"DYN-0099";"app/client-admin/src/App.tsx";"10097";"""date""";"""Fecha""";"";"";"";"";"TEXT";"Texto plano Unicode con puntuación legítima; longitud por contrato, sin NUL/controles; saltos de línea solo donde corresponda; escapar al exportar/renderizar."
"DYN-0100";"app/client-admin/src/App.tsx";"10098";"""amount""";"""Importe""";"";"";"";"";"MONEY";"Decimal positivo de hasta 2 posiciones; sin letras, exponente ni separadores de miles; convertir a centavos exactos; techo por operación."
"DYN-0101";"app/client-admin/src/App.tsx";"10099";"""note""";"""Nota""";"";"";"";"";"TEXT";"Texto plano Unicode con puntuación legítima; longitud por contrato, sin NUL/controles; saltos de línea solo donde corresponda; escapar al exportar/renderizar."
"DYN-0102";"app/client-admin/src/App.tsx";"10133";"""n""";"""Nro.""";"";"";"";"";"TEXT";"Texto plano Unicode con puntuación legítima; longitud por contrato, sin NUL/controles; saltos de línea solo donde corresponda; escapar al exportar/renderizar."
"DYN-0103";"app/client-admin/src/App.tsx";"10134";"""date""";"""Fecha""";"";"";"";"";"TEXT";"Texto plano Unicode con puntuación legítima; longitud por contrato, sin NUL/controles; saltos de línea solo donde corresponda; escapar al exportar/renderizar."
"DYN-0104";"app/client-admin/src/App.tsx";"10135";"""collector""";"""Cobrador""";"";"";"";"";"NAME";"Texto Unicode legible: letras con acentos, números cuando sea nombre comercial/catálogo y puntuación legítima; límites por contrato; sin controles invisibles."
"DYN-0105";"app/client-admin/src/App.tsx";"10136";"""currency""";"""Moneda""";"";"";"";"";"TEXT";"Texto plano Unicode con puntuación legítima; longitud por contrato, sin NUL/controles; saltos de línea solo donde corresponda; escapar al exportar/renderizar."
"DYN-0106";"app/client-admin/src/App.tsx";"10137";"""amount""";"""Importe""";"";"";"";"";"MONEY";"Decimal positivo de hasta 2 posiciones; sin letras, exponente ni separadores de miles; convertir a centavos exactos; techo por operación."
"DYN-0107";"app/client-admin/src/App.tsx";"10138";"""checks""";"""Cheques""";"";"";"";"";"TEXT";"Texto plano Unicode con puntuación legítima; longitud por contrato, sin NUL/controles; saltos de línea solo donde corresponda; escapar al exportar/renderizar."
"DYN-0108";"app/client-admin/src/App.tsx";"10139";"""checkAmount""";"""Imp. Ch...""";"";"";"";"";"MONEY";"Decimal positivo de hasta 2 posiciones; sin letras, exponente ni separadores de miles; convertir a centavos exactos; techo por operación."
"DYN-0109";"app/client-admin/src/App.tsx";"10140";"""active""";"""Activo""";"";"";"";"";"TEXT";"Texto plano Unicode con puntuación legítima; longitud por contrato, sin NUL/controles; saltos de línea solo donde corresponda; escapar al exportar/renderizar."
"DYN-0110";"app/client-admin/src/ConnectedAdminTools.tsx";"78";"""number""";"""Número""";"";"";"true";"80";"TEXT";"Texto plano Unicode con puntuación legítima; longitud por contrato, sin NUL/controles; saltos de línea solo donde corresponda; escapar al exportar/renderizar."
"DYN-0111";"app/client-admin/src/ConnectedAdminTools.tsx";"78";"""name""";"""Estación""";"";"";"true";"";"NAME";"Texto Unicode legible: letras con acentos, números cuando sea nombre comercial/catálogo y puntuación legítima; límites por contrato; sin controles invisibles."
"DYN-0112";"app/client-admin/src/ConnectedAdminTools.tsx";"78";"""deviceId""";"""Identificador del dispositivo (si se conoce)""";"";"";"";"";"CODE";"Texto identificador: letras/números y separadores acordados (- _ . /); mantener ceros iniciales; no forzar UUID ni número a códigos legacy."
"DYN-0113";"app/client-admin/src/ConnectedAdminTools.tsx";"79";"""description""";"""Descripción""";"";"";"";"1000";"TEXT";"Texto plano Unicode con puntuación legítima; longitud por contrato, sin NUL/controles; saltos de línea solo donde corresponda; escapar al exportar/renderizar."
"DYN-0114";"app/client-admin/src/ConnectedAdminTools.tsx";"79";"""group""";"""Grupo de estación""";"";"";"";"";"TEXT";"Texto plano Unicode con puntuación legítima; longitud por contrato, sin NUL/controles; saltos de línea solo donde corresponda; escapar al exportar/renderizar."
"DYN-0115";"app/client-admin/src/ConnectedAdminTools.tsx";"79";"""type""";"""Tipo""";"";"";"";"";"TEXT";"Texto plano Unicode con puntuación legítima; longitud por contrato, sin NUL/controles; saltos de línea solo donde corresponda; escapar al exportar/renderizar."
"DYN-0116";"app/client-admin/src/ConnectedAdminTools.tsx";"80";"""license""";"""Licencia registrada (opcional)""";"";"";"";"";"CODE";"Texto identificador: letras/números y separadores acordados (- _ . /); mantener ceros iniciales; no forzar UUID ni número a códigos legacy."
"DYN-0117";"app/client-admin/src/ConnectedAdminTools.tsx";"80";"""version""";"""Versión registrada (opcional)""";"";"";"";"";"CODE";"Texto identificador: letras/números y separadores acordados (- _ . /); mantener ceros iniciales; no forzar UUID ni número a códigos legacy."
"DYN-0118";"app/client-admin/src/ConnectedAdminTools.tsx";"80";"""active""";"""Activa""";"";"";"";"";"BOOL";"Solo booleano real; radios/checkboxes y validación API."
"DYN-0119";"app/client-admin/src/ConnectedAdminTools.tsx";"81";"""name""";"""Nombre del grupo""";"";"";"true";"";"NAME";"Texto Unicode legible: letras con acentos, números cuando sea nombre comercial/catálogo y puntuación legítima; límites por contrato; sin controles invisibles."
"DYN-0120";"app/client-admin/src/ConnectedAdminTools.tsx";"82";"""number""";"""Número""";"";"";"true";"80";"TEXT";"Texto plano Unicode con puntuación legítima; longitud por contrato, sin NUL/controles; saltos de línea solo donde corresponda; escapar al exportar/renderizar."
"DYN-0121";"app/client-admin/src/ConnectedAdminTools.tsx";"82";"""name""";"""Nombre del PCP""";"";"";"true";"";"NAME";"Texto Unicode legible: letras con acentos, números cuando sea nombre comercial/catálogo y puntuación legítima; límites por contrato; sin controles invisibles."
"DYN-0122";"app/client-admin/src/ConnectedAdminTools.tsx";"83";"""groupId""";"""Grupo""";"";"groups.map((row) => ({ value: row.id, label: value(row, ""name"") }))";"true";"";"ENUM";"Solo opciones autorizadas del catálogo; comprobar pertenencia y permisos en API."
"DYN-0123";"app/client-admin/src/ConnectedAdminTools.tsx";"84";"""address""";"""Dirección""";"";"";"";"500";"TEXT";"Texto plano Unicode con puntuación legítima; longitud por contrato, sin NUL/controles; saltos de línea solo donde corresponda; escapar al exportar/renderizar."
"DYN-0124";"app/client-admin/src/ConnectedAdminTools.tsx";"84";"""phone""";"""Teléfono""";"";"";"";"40";"PHONE";"Dígitos, + inicial, espacios, guiones y paréntesis; validar 8–15 dígitos tras normalización; vacío si opcional; máximo API 40."
"DYN-0125";"app/client-admin/src/ConnectedAdminTools.tsx";"84";"""active""";"""Activo""";"";"";"";"";"BOOL";"Solo booleano real; radios/checkboxes y validación API."
"DYN-0126";"app/client-admin/src/ConnectedAdminTools.tsx";"86";"""clientId""";"""Cliente""";"";"snapshot.clients.filter((client) => client.active !== false).map((client) => ({ value: client.id, label: `${client.code} · ${client.name}` }))";"true";"";"ENUM";"Solo opciones autorizadas del catálogo; comprobar pertenencia y permisos en API."
"DYN-0127";"app/client-admin/src/ConnectedAdminTools.tsx";"87";"""collectorId""";"""Cobrador responsable""";"";"snapshot.collectors.filter((collector) => collector.active !== false && snapshot.routes.some((route) => route.collectorId === collector.id && snapshot.clients.some((client) => client.id === draft.clientId && client.routeId === route.id))).map((collector) => ({ value: collector.id, label: collector.name }))";"true";"";"ENUM";"Solo opciones autorizadas del catálogo; comprobar pertenencia y permisos en API."
"DYN-0128";"app/client-admin/src/ConnectedAdminTools.tsx";"88";"""delayReasonId""";"""Motivo de atraso (opcional)""";"";"reasons.filter((row) => row.active !== false).map((row) => ({ value: row.id, label: value(row, ""reason"") }))";"";"";"ENUM";"Solo opciones autorizadas del catálogo; comprobar pertenencia y permisos en API."
"DYN-0129";"app/client-admin/src/ConnectedAdminTools.tsx";"89";"""forCollection""";"""Solicitud para cobro""";"";"";"";"";"BOOL";"Solo booleano real; radios/checkboxes y validación API."
"DYN-0130";"app/client-admin/src/ConnectedAdminTools.tsx";"89";"""note""";"""Detalle de la solicitud""";"";"";"true";"2000";"TEXT";"Texto plano Unicode con puntuación legítima; longitud por contrato, sin NUL/controles; saltos de línea solo donde corresponda; escapar al exportar/renderizar."
"DYN-0131";"app/client-admin/src/ConnectedCatalog.tsx";"79";"""name""";"""Nombre""";"";"";"true";"";"NAME";"Texto Unicode legible: letras con acentos, números cuando sea nombre comercial/catálogo y puntuación legítima; límites por contrato; sin controles invisibles."
"DYN-0132";"app/client-admin/src/ConnectedCatalog.tsx";"79";"""ident""";"""Código / identificación""";"";"";"";"";"CODE";"Texto identificador: letras/números y separadores acordados (- _ . /); mantener ceros iniciales; no forzar UUID ni número a códigos legacy."
"DYN-0133";"app/client-admin/src/ConnectedCatalog.tsx";"79";"""cellular""";"""Celular""";"";"";"";"";"PHONE";"Dígitos, + inicial, espacios, guiones y paréntesis; validar 8–15 dígitos tras normalización; vacío si opcional; máximo API 40."
"DYN-0134";"app/client-admin/src/ConnectedCatalog.tsx";"79";"""accountId""";"""Cuenta""";"";"";"";"";"CODE";"Texto identificador: letras/números y separadores acordados (- _ . /); mantener ceros iniciales; no forzar UUID ni número a códigos legacy."
"DYN-0135";"app/client-admin/src/ConnectedCatalog.tsx";"80";"""collectionLimit""";"""Límite de cobro (DOP)""";"""money""";"";"true";"";"MONEY";"Decimal positivo de hasta 2 posiciones; sin letras, exponente ni separadores de miles; convertir a centavos exactos; techo por operación."
"DYN-0136";"app/client-admin/src/ConnectedCatalog.tsx";"80";"""payoutLimit""";"""Límite de pago (DOP)""";"""money""";"";"true";"";"MONEY";"Decimal positivo de hasta 2 posiciones; sin letras, exponente ni separadores de miles; convertir a centavos exactos; techo por operación."
"DYN-0137";"app/client-admin/src/ConnectedCatalog.tsx";"82";"""number""";"""Número""";"";"";"";"";"TEXT";"Texto plano Unicode con puntuación legítima; longitud por contrato, sin NUL/controles; saltos de línea solo donde corresponda; escapar al exportar/renderizar."
"DYN-0138";"app/client-admin/src/ConnectedCatalog.tsx";"82";"""name""";"""Nombre""";"";"";"true";"";"NAME";"Texto Unicode legible: letras con acentos, números cuando sea nombre comercial/catálogo y puntuación legítima; límites por contrato; sin controles invisibles."
"DYN-0139";"app/client-admin/src/ConnectedCatalog.tsx";"82";"""sector""";"""Sector / zona""";"";"";"true";"";"NAME";"Texto Unicode legible: letras con acentos, números cuando sea nombre comercial/catálogo y puntuación legítima; límites por contrato; sin controles invisibles."
"DYN-0140";"app/client-admin/src/ConnectedCatalog.tsx";"82";"""collectorId""";"""Cobrador""";"";"collectorOptions";"true";"";"ENUM";"Solo opciones autorizadas del catálogo; comprobar pertenencia y permisos en API."
"DYN-0141";"app/client-admin/src/ConnectedCatalog.tsx";"82";"""from""";"""Desde""";"";"";"";"";"TEXT";"Texto plano Unicode con puntuación legítima; longitud por contrato, sin NUL/controles; saltos de línea solo donde corresponda; escapar al exportar/renderizar."
"DYN-0142";"app/client-admin/src/ConnectedCatalog.tsx";"82";"""to""";"""Hasta""";"";"";"";"";"TEXT";"Texto plano Unicode con puntuación legítima; longitud por contrato, sin NUL/controles; saltos de línea solo donde corresponda; escapar al exportar/renderizar."
"DYN-0143";"app/client-admin/src/ConnectedCatalog.tsx";"84";"""number""";"""Número""";"";"";"";"";"TEXT";"Texto plano Unicode con puntuación legítima; longitud por contrato, sin NUL/controles; saltos de línea solo donde corresponda; escapar al exportar/renderizar."
"DYN-0144";"app/client-admin/src/ConnectedCatalog.tsx";"84";"""name""";"""Nombre""";"";"";"true";"";"NAME";"Texto Unicode legible: letras con acentos, números cuando sea nombre comercial/catálogo y puntuación legítima; límites por contrato; sin controles invisibles."
"DYN-0145";"app/client-admin/src/ConnectedCatalog.tsx";"84";"""sector""";"""Sector""";"";"";"";"";"NAME";"Texto Unicode legible: letras con acentos, números cuando sea nombre comercial/catálogo y puntuación legítima; límites por contrato; sin controles invisibles."
"DYN-0146";"app/client-admin/src/ConnectedCatalog.tsx";"84";"""from""";"""Desde""";"";"";"";"";"TEXT";"Texto plano Unicode con puntuación legítima; longitud por contrato, sin NUL/controles; saltos de línea solo donde corresponda; escapar al exportar/renderizar."
"DYN-0147";"app/client-admin/src/ConnectedCatalog.tsx";"84";"""to""";"""Hasta""";"";"";"";"";"TEXT";"Texto plano Unicode con puntuación legítima; longitud por contrato, sin NUL/controles; saltos de línea solo donde corresponda; escapar al exportar/renderizar."
"DYN-0148";"app/client-admin/src/ConnectedCatalog.tsx";"86";"""service""";"""Servicio""";"";"";"true";"";"TEXT";"Texto plano Unicode con puntuación legítima; longitud por contrato, sin NUL/controles; saltos de línea solo donde corresponda; escapar al exportar/renderizar."
"DYN-0149";"app/client-admin/src/ConnectedCatalog.tsx";"86";"""abbr""";"""Abreviatura""";"";"";"";"";"NAME";"Texto Unicode legible: letras con acentos, números cuando sea nombre comercial/catálogo y puntuación legítima; límites por contrato; sin controles invisibles."
"DYN-0150";"app/client-admin/src/ConnectedCatalog.tsx";"86";"""caption""";"""Descripción""";"";"";"";"";"NAME";"Texto Unicode legible: letras con acentos, números cuando sea nombre comercial/catálogo y puntuación legítima; límites por contrato; sin controles invisibles."
"DYN-0151";"app/client-admin/src/ConnectedCatalog.tsx";"86";"""fixedAmount""";"""Usa importe fijo""";"""boolean""";"";"";"";"BOOL";"Solo booleano real; radios/checkboxes y validación API."
"DYN-0152";"app/client-admin/src/ConnectedCatalog.tsx";"86";"""obligated""";"""Cobro obligatorio""";"""boolean""";"";"";"";"BOOL";"Solo booleano real; radios/checkboxes y validación API."
"DYN-0153";"app/client-admin/src/ConnectedCatalog.tsx";"87";"""referencePriceCents""";"""Precio de referencia""";"""money""";"";"";"";"MONEY";"Decimal positivo de hasta 2 posiciones; sin letras, exponente ni separadores de miles; convertir a centavos exactos; techo por operación."
"DYN-0154";"app/client-admin/src/ConnectedCatalog.tsx";"88";"""referenceCurrency""";"""Moneda del precio de referencia""";"";"[""DOP"", ""USD"", ""EUR""].map((value) => ({ value, label: value }))";"";"";"ENUM";"Solo opciones autorizadas del catálogo; comprobar pertenencia y permisos en API."
"DYN-0155";"app/client-admin/src/ConnectedCatalog.tsx";"89";"""taxReference""";"""Impuestos de referencia (indica unidad)""";"";"";"";"160";"UNITTEXT";"Referencia con unidad (ej. 10%, 5 kg): letras, dígitos y símbolos de unidad; no imponer solo números sin separar unidad del valor."
"DYN-0156";"app/client-admin/src/ConnectedCatalog.tsx";"90";"""benefitReference""";"""Beneficio de referencia (indica unidad)""";"";"";"";"160";"UNITTEXT";"Referencia con unidad (ej. 10%, 5 kg): letras, dígitos y símbolos de unidad; no imponer solo números sin separar unidad del valor."
"DYN-0157";"app/client-admin/src/ConnectedCatalog.tsx";"91";"""referenceQuantity""";"""Cantidad de referencia (indica unidad)""";"";"";"";"64";"UNITTEXT";"Referencia con unidad (ej. 10%, 5 kg): letras, dígitos y símbolos de unidad; no imponer solo números sin separar unidad del valor."
"DYN-0158";"app/client-admin/src/ConnectedCatalog.tsx";"92";"""reason""";"""Motivo""";"";"";"true";"";"TEXT";"Texto plano Unicode con puntuación legítima; longitud por contrato, sin NUL/controles; saltos de línea solo donde corresponda; escapar al exportar/renderizar."
"DYN-0159";"app/client-admin/src/ConnectedCatalog.tsx";"93";"""nickname""";"""Apodo""";"";"";"";"120";"NAME";"Texto Unicode legible: letras con acentos, números cuando sea nombre comercial/catálogo y puntuación legítima; límites por contrato; sin controles invisibles."
"DYN-0160";"app/client-admin/src/ConnectedCatalog.tsx";"93";"""note""";"""Nota""";"";"";"";"1000";"TEXT";"Texto plano Unicode con puntuación legítima; longitud por contrato, sin NUL/controles; saltos de línea solo donde corresponda; escapar al exportar/renderizar."
"DYN-0161";"app/client-admin/src/ConnectedCatalog.tsx";"94";"""name""";"""Nombre""";"";"";"true";"";"NAME";"Texto Unicode legible: letras con acentos, números cuando sea nombre comercial/catálogo y puntuación legítima; límites por contrato; sin controles invisibles."
"DYN-0162";"app/client-admin/src/ConnectedCatalog.tsx";"94";"""email""";"""Correo""";"";"";"true";"";"EMAIL";"Validar correo completo; admite @ . + _ y símbolos válidos; opcional vacío si contrato lo permite; máximo API 200."
"DYN-0163";"app/client-admin/src/ConnectedCatalog.tsx";"94";"""role""";"""Rol""";"";"[{ value: ""admin"", label: ""Administrador"" }, { value: ""collector"", label: ""Cobrador"" }]";"true";"";"ENUM";"Solo opciones autorizadas del catálogo; comprobar pertenencia y permisos en API."
"DYN-0164";"app/client-admin/src/ConnectedCatalog.tsx";"94";"""collectorId""";"""Cobrador asociado""";"";"collectorOptions";"draft.role === ""collector""";"";"ENUM";"Solo opciones autorizadas del catálogo; comprobar pertenencia y permisos en API."
"DYN-0165";"app/client-admin/src/ConnectedCatalog.tsx";"94";"""password""";"`Contraseña inicial (mínimo ${MIN_ACCOUNT_PASSWORD_LENGTH} caracteres)`";"""password"" as const";"";"true";"";"SECRET";"Permitir letras, números, espacios y símbolos; no trim, ni transformar, ni lista negra SQL; límites conforme a credencial."
"DYN-0166";"app/client-admin/src/ConnectedCatalog.tsx";"96";"""clientId""";"""Cliente""";"";"snapshot.clients.map((row) => ({ value: row.id, label: row.name }))";"true";"";"ENUM";"Solo opciones autorizadas del catálogo; comprobar pertenencia y permisos en API."
"DYN-0167";"app/client-admin/src/ConnectedCatalog.tsx";"96";"""service""";"""Servicio""";"";"";"true";"";"TEXT";"Texto plano Unicode con puntuación legítima; longitud por contrato, sin NUL/controles; saltos de línea solo donde corresponda; escapar al exportar/renderizar."
"DYN-0168";"app/client-admin/src/ConnectedCatalog.tsx";"96";"""concept""";"""Concepto""";"";"";"true";"";"TEXT";"Texto plano Unicode con puntuación legítima; longitud por contrato, sin NUL/controles; saltos de línea solo donde corresponda; escapar al exportar/renderizar."
"DYN-0169";"app/client-admin/src/ConnectedCatalog.tsx";"97";"""startDate""";"""Fecha inicial""";"""date""";"";"true";"";"DATE";"Fecha real YYYY-MM-DD y orden de rango; validar en API, no solo atributo date."
"DYN-0170";"app/client-admin/src/ConnectedCatalog.tsx";"97";"""endDate""";"""Fecha final""";"""date""";"";"";"";"DATE";"Fecha real YYYY-MM-DD y orden de rango; validar en API, no solo atributo date."
"DYN-0171";"app/client-admin/src/ConnectedCatalog.tsx";"98";"""frequency""";"""Frecuencia""";"";"[""No Definida"", ""Diaria"", ""Bidiaria"", ""Semanal"", ""Quincenal"", ""Mensual"", ""Trimestral"", ""Cuatrimestral"", ""Semestral"", ""Anual""].map((value) => ({ value, label: value }))";"true";"";"ENUM";"Solo opciones autorizadas del catálogo; comprobar pertenencia y permisos en API."
"DYN-0172";"app/client-admin/src/ConnectedCatalog.tsx";"99";"""day1""";"""Primer día""";"""number""";"";"";"";"DAY";"Entero dentro del calendario/frecuencia; 1–31 cuando corresponde; vacío solo según contrato. Cerrar alternativa string del backend."
"DYN-0173";"app/client-admin/src/ConnectedCatalog.tsx";"99";"""day2""";"""Segundo día""";"""number""";"";"";"";"DAY";"Entero dentro del calendario/frecuencia; 1–31 cuando corresponde; vacío solo según contrato. Cerrar alternativa string del backend."
"DYN-0174";"app/client-admin/src/ConnectedCatalog.tsx";"99";"""amount""";"""Importe (DOP)""";"""money""";"";"true";"";"MONEY";"Decimal positivo de hasta 2 posiciones; sin letras, exponente ni separadores de miles; convertir a centavos exactos; techo por operación."
"DYN-0175";"app/client-admin/src/ConnectedCatalog.tsx";"99";"""note""";"""Nota""";"";"";"";"";"TEXT";"Texto plano Unicode con puntuación legítima; longitud por contrato, sin NUL/controles; saltos de línea solo donde corresponda; escapar al exportar/renderizar."
